Total,291,,,,
ID,Count,,,,
31962,1,source_synopsis,,,
160548,1,register,,,
121001,2,normpath,_joinrealpath,,
144356,1,findlabels,,,
131870,1,LAMBDA_FUNC_@@,,,
26870,1,generate,,,
150541,4,parseImpl,__str__,=,LAMBDA_FUNC_@@
47920,1,_signature_get_partial,,,
149904,1,_tokenize,,,
15566,1,register,,,
15537,1,source_synopsis,,,
15802,1,begin,,,
102546,1,renameNode,,,
5520,1,__call__,,,
116046,2,normpath,_joinrealpath,,
160578,1,begin,,,
131685,2,__new__,__getitem__,,
102199,2,normpath,_joinrealpath,,
47965,1,register,,,
47934,1,_dist_try_harder,,,
45541,1,_pagination_members,,,
131530,1,copy_scripts,,,
16342,1,_extract_url_result,,,
37239,1,source_synopsis,,,
38387,1,_dist_try_harder,,,
121237,1,add_handler,,,
116033,1,read_windows_registry,,,
102516,1,_init_length,,,
118918,1,renameNode,,,
35572,1,LAMBDA_FUNC_@@,,,
131612,1,_serve,,,
37484,1,source_synopsis,,,
144384,1,_dist_try_harder,,,
171205,1,ssl_wrap_socket,,,
171027,1,source_synopsis,,,
47925,1,join,,,
21062,1,source_synopsis,,,
131505,1,_check_macro_definitions,,,
146097,1,_wrap_chunks,,,
147635,1,f2py_sources,,,
10010,1,_download_json,,,
15557,1,_wrap_chunks,,,
102506,1,add_handler,,,
143319,1,getdelimited,,,
149892,1,_handle_request_noblock,,,
38221,1,_parse_signing_key_data,,,
126990,1,source_synopsis,,,
5540,2,__new__,__getitem__,,
169108,1,source_synopsis,,,
149855,1,_signature_get_partial,,,
15807,1,uts46_remap,,,
47960,1,_tokenize,,,
26680,1,source_synopsis,,,
150424,1,_register_basic,,,
131781,4,parseImpl,__str__,=,LAMBDA_FUNC_@@
120985,1,_signature_get_partial,,,
16380,1,_real_extract,,,
144380,2,with_suffix,relative_to,,
3421,1,ssl_wrap_socket,,,
15660,1,_download_impl,,,
15693,1,_pagination,,,
2465,1,source_synopsis,,,
102197,1,_dist_try_harder,,,
131678,1,_lookfor_generate_cache,,,
116048,1,source_synopsis,,,
163939,1,source_synopsis,,,
38389,2,normpath,_joinrealpath,,
102418,1,_replace_charref,,,
3123,2,with_suffix,relative_to,,
102187,1,join,,,
102216,1,_handle_request_noblock,,,
118880,1,begin,,,
37938,1,source_synopsis,,,
102193,2,with_suffix,relative_to,,
102202,1,source_synopsis,,,
149132,1,LAMBDA_FUNC_@@,,,
142442,1,source_synopsis,,,
144416,1,register,,,
144507,2,_handle_fromlist,_setup,,
120186,1,read_token,,,
167312,1,source_synopsis,,,
148821,2,with_suffix,relative_to,,
143266,1,source_synopsis,,,
45304,1,source_synopsis,,,
4773,1,source_synopsis,,,
131287,1,source_synopsis,,,
102366,1,new,,,
17164,1,source_synopsis,,,
102212,1,read_token,,,
38504,2,vi_pos_end_short,vi_pos_back_short,,
38415,1,_tokenize,,,
15858,1,add_handler,,,
169106,2,normpath,_joinrealpath,,
15528,2,with_suffix,relative_to,,
160522,1,source_synopsis,,,
144407,2,_mkstemp_inner,mkdtemp,,
116178,1,begin,,,
102478,1,generate,,,
118786,1,_handle_request_noblock,,,
35479,1,_register_basic,,,
118775,1,source_synopsis,,,
28478,1,source_synopsis,,,
102227,1,_tokenize,,,
116471,1,_register_basic,,,
149063,4,parseImpl,__str__,=,LAMBDA_FUNC_@@
102182,1,_signature_get_partial,,,
118761,1,read_windows_registry,,,
102233,1,register,,,
102207,1,decode,,,
5292,1,_tokenize,,,
120212,1,__new__,,,
115204,1,source_synopsis,,,
115195,2,with_suffix,relative_to,,
102419,1,begin,,,
116059,1,_handle_request_noblock,,,
3033,1,ssl_wrap_socket,,,
169095,1,join,,,
102306,1,StructureBody,,,
118782,1,read_token,,,
149142,4,parseImpl,__str__,=,LAMBDA_FUNC_@@
102223,2,_mkstemp_inner,mkdtemp,,
116433,1,=,,,
118911,1,add_handler,,,
118795,1,_wrap_chunks,,,
143287,1,_tokenize,,,
38249,2,stop_thread,run,,
121179,1,begin,,,
143324,1,begin,,,
160602,1,add_handler,,,
35007,1,source_synopsis,,,
144492,1,begin,,,
102224,1,_wrap_chunks,,,
118875,1,getdelimited,,,
2843,1,addtoken,,,
38517,1,add_handler,,,
150439,4,parseImpl,__str__,=,LAMBDA_FUNC_@@
150528,1,LAMBDA_FUNC_@@,,,
47969,1,__new__,,,
47938,1,source_synopsis,,,
118804,1,register,,,
3131,1,source_synopsis,,,
3376,1,match_lang,,,
40857,1,source_synopsis,,,
144525,1,generate,,,
14593,1,source_synopsis,,,
102185,1,read_windows_registry,,,
2962,1,LAMBDA_FUNC_@@,,,
37619,1,generate,,,
16389,1,_real_extract,,,
5263,2,with_suffix,relative_to,,
102194,1,do_break,,,
144411,1,_tokenize,,,
15678,1,request,,,
5519,1,_filter_header,,,
144487,1,getdelimited,,,
3377,2,escape,parse_attribute_selector,,
120325,1,_serve,,,
38379,1,join,,,
116228,1,add_handler,,,
143292,1,register,,,
120162,1,_signature_get_partial,,,
144388,1,source_synopsis,,,
2846,1,generate_tokens,,,
116463,1,chunk_iTXt,,,
120999,1,_dist_try_harder,,,
2837,1,__init__,,,
2456,2,with_suffix,relative_to,,
147157,1,source_synopsis,,,
118794,2,_mkstemp_inner,mkdtemp,,
133362,1,source_synopsis,,,
169130,1,_tokenize,,,
144545,1,add_handler,,,
5568,4,parseImpl,__str__,=,LAMBDA_FUNC_@@
116218,1,loadTestsFromName,,,
4552,1,source_synopsis,,,
2590,1,StructureBody,,,
102240,1,__new__,,,
15911,1,_socks5_auth,,,
115308,1,StructureBody,,,
116070,1,_tokenize,,,
116044,1,_dist_try_harder,,,
121211,1,generate,,,
146077,1,source_synopsis,,,
102168,1,findlabels,,,
45714,1,extract_info,,,
131664,1,_filter_header,,,
148969,1,_check_macro_definitions,,,
102414,1,getdelimited,,,
148829,1,source_synopsis,,,
15776,1,_pagination_members,,,
116031,1,_signature_get_partial,,,
15950,1,extract_info,,,
121177,1,goahead,,,
121184,1,uts46_remap,,,
120179,1,source_synopsis,,,
116040,2,with_suffix,relative_to,,
38391,1,source_synopsis,,,
121003,1,source_synopsis,,,
128771,1,source_synopsis,,,
102496,1,loadTestsFromName,,,
38222,1,readline,,,
121221,2,escape,parse_attribute_selector,,
102434,2,_handle_fromlist,_setup,,
118768,1,do_break,,,
2838,3,_detect_future_features,refactor_file,refactor_stdin,
26922,1,ssl_wrap_socket,,,
120996,1,do_break,,,
2509,1,__new__,,,
116035,1,join,,,
102424,1,uts46_remap,,,
116306,1,source_synopsis,,,
48080,1,begin,,,
147690,2,__new__,__getitem__,,
124742,1,source_synopsis,,,
116041,1,do_break,,,
15914,3,replace_extension,merge_dicts,parse_codecs,
15757,1,request,,,
116075,1,register,,,
121220,1,match_lang,,,
37667,1,ssl_wrap_socket,,,
35441,1,=,,,
131880,4,parseImpl,__str__,=,LAMBDA_FUNC_@@
102398,1,header_encode_lines,,,
102440,1,dump,,,
116111,1,new,,,
15835,1,generate,,,
15975,1,_process_media_selector,,,
149867,2,with_suffix,relative_to,,
118759,1,_signature_get_partial,,,
150416,1,chunk_iTXt,,,
16007,1,_real_extract,,,
41278,1,source_synopsis,,,
131665,1,__call__,,,
150572,1,add_handler,,,
15887,1,ssl_wrap_socket,,,
5533,1,_lookfor_generate_cache,,,
149877,1,source_synopsis,,,
121265,1,ssl_wrap_socket,,,
15951,1,_get_anvato_videos,,,