ID,Status,Count,
118775,Fail,1,source_synopsis
16007,Fail,1,_real_extract
35007,Fail,1,source_synopsis
2465,Fail,1,source_synopsis
3376,Fail,1,match_lang
14593,Fail,1,source_synopsis
118782,Pass,-1,#VALUE!
102224,Fail,1,_wrap_chunks
102212,Fail,-1,#VALUE!
120186,Fail,-1,#VALUE!
171027,Fail,1,source_synopsis
37484,Fail,1,source_synopsis
28478,Fail,1,source_synopsis
26680,Fail,1,source_synopsis
4773,Fail,1,source_synopsis
167312,Fail,1,source_synopsis
15537,Fail,1,source_synopsis
17164,Fail,1,source_synopsis
121220,Fail,1,match_lang
133362,Fail,1,source_synopsis
37239,Fail,1,source_synopsis
128771,Fail,1,source_synopsis
3131,Fail,1,source_synopsis
144388,Fail,1,source_synopsis
116048,Fail,1,source_synopsis
121220,Fail,1,match_lang
148829,Fail,1,source_synopsis
149877,Fail,1,source_synopsis
121177,Fail,1,goahead
3376,Fail,1,match_lang
102207,Fail,1,decode
121003,Fail,1,source_synopsis
116306,Fail,1,source_synopsis
102212,Fail,-1,#VALUE!
120186,Fail,-1,#VALUE!
118782,Pass,-1,#VALUE!
38391,Fail,1,source_synopsis
126990,Fail,1,source_synopsis
4552,Fail,1,source_synopsis
121220,Fail,1,match_lang
124742,Fail,1,source_synopsis
118795,Fail,1,_wrap_chunks
47938,Fail,1,source_synopsis
37938,Fail,1,source_synopsis
144411,Fail,1,_tokenize
146077,Fail,1,source_synopsis
149904,Fail,1,_tokenize
120179,Fail,1,source_synopsis
142442,Fail,1,source_synopsis
120186,Pass,-1,#VALUE!
102212,Pass,-1,#VALUE!
118782,Fail,-1,#VALUE!
2843,Fail,1,addtoken
45304,Fail,1,source_synopsis
21062,Fail,1,source_synopsis
3376,Fail,1,match_lang
147157,Fail,1,source_synopsis
115204,Fail,1,source_synopsis
163939,Fail,1,source_synopsis
118782,Fail,-1,#VALUE!
120186,Pass,-1,#VALUE!
38415,Fail,1,_tokenize
160522,Fail,1,source_synopsis
40857,Fail,1,source_synopsis
31962,Fail,1,source_synopsis
143266,Fail,1,source_synopsis
3376,Fail,1,match_lang
41278,Fail,1,source_synopsis
121220,Fail,1,match_lang
131287,Fail,1,source_synopsis
169108,Fail,1,source_synopsis
102202,Fail,1,source_synopsis
167312,Fail,1,source_synopsis
26680,Fail,1,source_synopsis
4773,Fail,1,source_synopsis
37239,Fail,1,source_synopsis
128771,Fail,1,source_synopsis
133362,Fail,1,source_synopsis
17164,Fail,1,source_synopsis
15537,Fail,1,source_synopsis
37484,Fail,1,source_synopsis
2846,Fail,1,generate_tokens
171027,Fail,1,source_synopsis
169130,Fail,1,_tokenize
146097,Fail,1,_wrap_chunks
28478,Fail,1,source_synopsis
14593,Fail,1,source_synopsis
47960,Fail,1,_tokenize
120186,Fail,-1,#VALUE!
102212,Fail,-1,#VALUE!
118782,Pass,-1,#VALUE!
35007,Fail,1,source_synopsis
2465,Fail,1,source_synopsis
118775,Fail,1,source_synopsis
3376,Fail,1,match_lang
38391,Fail,1,source_synopsis
120186,Fail,-1,#VALUE!
102212,Fail,-1,#VALUE!
3376,Fail,1,match_lang
116306,Fail,1,source_synopsis
15557,Fail,1,_wrap_chunks
121003,Fail,1,source_synopsis
149877,Fail,1,source_synopsis
148829,Fail,1,source_synopsis
121220,Fail,1,match_lang
121177,Fail,1,goahead
143287,Fail,1,_tokenize
3131,Fail,1,source_synopsis
116048,Fail,1,source_synopsis
144388,Fail,1,source_synopsis
102227,Fail,1,_tokenize
115204,Fail,1,source_synopsis
3376,Fail,1,match_lang
21062,Fail,1,source_synopsis
147157,Fail,1,source_synopsis
45304,Fail,1,source_synopsis
142442,Fail,1,source_synopsis
120179,Fail,1,source_synopsis
146077,Fail,1,source_synopsis
118782,Fail,-1,#VALUE!
102212,Pass,-1,#VALUE!
37938,Fail,1,source_synopsis
5292,Fail,1,_tokenize
47938,Fail,1,source_synopsis
116070,Fail,1,_tokenize
4552,Fail,1,source_synopsis
126990,Fail,1,source_synopsis
124742,Fail,1,source_synopsis
16389,Fail,1,_real_extract
121220,Fail,1,match_lang
169108,Fail,1,source_synopsis
102202,Fail,1,source_synopsis
121220,Fail,1,match_lang
131287,Fail,1,source_synopsis
15660,Fail,1,_download_impl
143266,Fail,1,source_synopsis
31962,Fail,1,source_synopsis
40857,Fail,1,source_synopsis
41278,Fail,1,source_synopsis
102212,Pass,-1,#VALUE!
120186,Pass,-1,#VALUE!
118782,Fail,-1,#VALUE!
163939,Fail,1,source_synopsis
160522,Fail,1,source_synopsis