ID,Status,Count,,
118775,Fail,1,source_synopsis,
35007,Fail,1,source_synopsis,
2465,Pass,-1,#VALUE!,
14593,Fail,1,source_synopsis,
171027,Fail,1,source_synopsis,
37484,Fail,1,source_synopsis,
28478,Pass,-1,#VALUE!,
26680,Fail,1,source_synopsis,
4773,Fail,1,source_synopsis,
167312,Pass,-1,#VALUE!,
15537,Fail,1,source_synopsis,
17164,Fail,1,source_synopsis,
133362,Pass,-1,#VALUE!,
37239,Pass,-1,#VALUE!,
128771,Fail,1,source_synopsis,
3131,Fail,1,source_synopsis,
144388,Pass,-1,#VALUE!,
116048,Fail,1,source_synopsis,
38249,Fail,2,stop_thread,run
148829,Fail,1,source_synopsis,
149877,Pass,-1,#VALUE!,
3376,Fail,1,match_lang,
121003,Pass,-1,#VALUE!,
116306,Pass,-1,#VALUE!,
38391,Pass,-1,#VALUE!,
126990,Pass,-1,#VALUE!,
4552,Pass,-1,#VALUE!,
121220,Fail,1,match_lang,
124742,Fail,1,source_synopsis,
47938,Fail,1,source_synopsis,
37938,Fail,1,source_synopsis,
146077,Pass,-1,#VALUE!,
120179,Pass,-1,#VALUE!,
142442,Pass,-1,#VALUE!,
45304,Fail,1,source_synopsis,
21062,Fail,1,source_synopsis,
147157,Fail,1,source_synopsis,
115204,Pass,-1,#VALUE!,
163939,Pass,-1,#VALUE!,
160522,Fail,1,source_synopsis,
40857,Pass,-1,#VALUE!,
31962,Pass,-1,#VALUE!,
143266,Pass,-1,#VALUE!,
41278,Fail,1,source_synopsis,
131287,Pass,-1,#VALUE!,
169108,Fail,1,source_synopsis,
102202,Fail,1,source_synopsis,
167312,Fail,1,source_synopsis,
26680,Pass,-1,#VALUE!,
38504,Fail,2,vi_pos_end_short,vi_pos_back_short
4773,Pass,-1,#VALUE!,
37239,Fail,1,source_synopsis,
128771,Pass,-1,#VALUE!,
133362,Fail,1,source_synopsis,
17164,Pass,-1,#VALUE!,
15537,Pass,-1,#VALUE!,
37484,Pass,-1,#VALUE!,
171027,Pass,-1,#VALUE!,
28478,Fail,1,source_synopsis,
14593,Pass,-1,#VALUE!,
35007,Pass,-1,#VALUE!,
2465,Fail,1,source_synopsis,
118775,Pass,-1,#VALUE!,
38391,Fail,1,source_synopsis,
116306,Fail,1,source_synopsis,
121003,Fail,1,source_synopsis,
149877,Fail,1,source_synopsis,
148829,Pass,-1,#VALUE!,
38249,Fail,2,stop_thread,run
3131,Pass,-1,#VALUE!,
116048,Pass,-1,#VALUE!,
144388,Fail,1,source_synopsis,
115204,Fail,1,source_synopsis,
21062,Pass,-1,#VALUE!,
147157,Pass,-1,#VALUE!,
45304,Pass,-1,#VALUE!,
142442,Fail,1,source_synopsis,
120179,Fail,1,source_synopsis,
146077,Fail,1,source_synopsis,
37938,Pass,-1,#VALUE!,
47938,Pass,-1,#VALUE!,
4552,Fail,1,source_synopsis,
126990,Fail,1,source_synopsis,
124742,Pass,-1,#VALUE!,
169108,Pass,-1,#VALUE!,
102202,Pass,-1,#VALUE!,
131287,Fail,1,source_synopsis,
143266,Fail,1,source_synopsis,
31962,Fail,1,source_synopsis,
40857,Fail,1,source_synopsis,
41278,Pass,-1,#VALUE!,
163939,Fail,1,source_synopsis,
160522,Pass,-1,#VALUE!,