ID,Status,Count,,,
120162,Fail,1,_signature_get_partial,,
118775,Fail,1,source_synopsis,,
16007,Fail,1,_real_extract,,
102207,Fail,1,decode,,
35007,Fail,1,source_synopsis,,
2465,Fail,1,source_synopsis,,
121184,Pass,-1,#VALUE!,,
3376,Fail,1,match_lang,,
37619,Fail,1,generate,,
47960,Fail,1,_tokenize,,
144492,Fail,1,begin,,
102434,Fail,1,_handle_fromlist,,
48080,Fail,1,begin,,
102306,Fail,1,StructureBody,,
14593,Fail,1,source_synopsis,,
118761,Fail,1,read_windows_registry,,
160578,Fail,1,begin,,
15678,Fail,1,request,,
102224,Fail,1,_wrap_chunks,,
15914,Fail,3,replace_extension,merge_dicts,parse_codecs
38415,Fail,1,_tokenize,,
120186,Fail,-1,#VALUE!,,
102227,Fail,-1,#VALUE!,,
169130,Fail,1,_tokenize,,
15950,Fail,1,extract_info,,
15975,Fail,1,_process_media_selector,,
171027,Fail,1,source_synopsis,,
38504,Fail,2,vi_pos_end_short,vi_pos_back_short,
2846,Fail,1,generate_tokens,,
149855,Fail,1,_signature_get_partial,,
45714,Fail,1,extract_info,,
169106,Pass,-1,#VALUE!,,
116218,Fail,1,loadTestsFromName,,
37484,Fail,1,source_synopsis,,
121211,Fail,1,generate,,
131678,Fail,1,_lookfor_generate_cache,,
15802,Fail,1,begin,,
115308,Fail,1,StructureBody,,
38222,Fail,1,readline,,
118880,Fail,1,begin,,
147635,Fail,1,f2py_sources,,
146097,Fail,1,_wrap_chunks,,
28478,Fail,1,source_synopsis,,
26680,Fail,1,source_synopsis,,
38504,Fail,2,vi_pos_end_short,vi_pos_back_short,
4773,Fail,1,source_synopsis,,
102414,Fail,1,getdelimited,,
167312,Fail,1,source_synopsis,,
2590,Fail,1,StructureBody,,
116041,Fail,1,do_break,,
143287,Fail,-1,#VALUE!,,
15537,Fail,1,source_synopsis,,
38387,Fail,1,_dist_try_harder,,
17164,Fail,1,source_synopsis,,
121220,Fail,1,match_lang,,
133362,Fail,1,source_synopsis,,
38249,Fail,2,stop_thread,run,
37239,Fail,1,source_synopsis,,
121001,Fail,1,normpath,,
128771,Fail,1,source_synopsis,,
147635,Fail,1,f2py_sources,,
15835,Fail,1,generate,,
3131,Fail,1,source_synopsis,,
144411,Fail,1,_tokenize,,
2838,Fail,3,_detect_future_features,refactor_file,refactor_stdin
115308,Fail,1,StructureBody,,
45714,Fail,1,extract_info,,
169106,Fail,1,_joinrealpath,,
2846,Fail,1,generate_tokens,,
131678,Fail,1,_lookfor_generate_cache,,
5533,Fail,-1,#VALUE!,,
102227,Fail,1,_tokenize,,
169130,Fail,-1,#VALUE!,,
144388,Fail,1,source_synopsis,,
38504,Fail,2,vi_pos_end_short,vi_pos_back_short,
15975,Fail,1,_process_media_selector,,
116048,Fail,1,source_synopsis,,
38249,Fail,2,stop_thread,run,
121220,Fail,1,match_lang,,
148829,Fail,1,source_synopsis,,
149877,Fail,1,source_synopsis,,
38387,Fail,1,_dist_try_harder,,
121177,Fail,1,goahead,,
143287,Fail,1,_tokenize,,
102440,Fail,1,dump,,
121220,Fail,1,match_lang,,
102187,Fail,1,join,,
38504,Fail,1,vi_pos_back_short,,
3377,Fail,2,escape,parse_attribute_selector,
3376,Fail,1,match_lang,,
47920,Fail,1,_signature_get_partial,,
16007,Fail,1,_real_extract,,
102207,Fail,1,decode,,
47969,Fail,1,__new__,,
121003,Fail,1,source_synopsis,,
102199,Fail,1,normpath,,
102168,Pass,-1,#VALUE!,,
15557,Fail,1,_wrap_chunks,,
120999,Fail,1,_dist_try_harder,,
116306,Fail,1,source_synopsis,,
160578,Fail,1,begin,,
102224,Pass,-1,#VALUE!,,
38391,Fail,1,source_synopsis,,
15914,Fail,3,replace_extension,merge_dicts,parse_codecs
102434,Pass,-1,#VALUE!,,
47934,Fail,1,_dist_try_harder,,
149904,Fail,1,_tokenize,,
102306,Fail,1,StructureBody,,
144492,Fail,1,begin,,
47960,Fail,1,_tokenize,,
38221,Fail,1,_parse_signing_key_data,,
126990,Fail,1,source_synopsis,,
2590,Fail,1,StructureBody,,
38379,Fail,1,join,,
38389,Fail,1,normpath,,
4552,Fail,1,source_synopsis,,
38504,Fail,1,vi_pos_end_short,,
38249,Fail,2,stop_thread,run,
38249,Fail,2,stop_thread,run,
121221,Fail,2,escape,parse_attribute_selector,
121220,Fail,1,match_lang,,
38504,Fail,1,vi_pos_back_short,,
143324,Fail,1,begin,,
102478,Fail,1,generate,,
16389,Fail,1,_real_extract,,
124742,Fail,1,source_synopsis,,
118795,Fail,1,_wrap_chunks,,
131678,Fail,-1,#VALUE!,,
5533,Fail,1,_lookfor_generate_cache,,
47938,Fail,1,source_synopsis,,
102506,Pass,-1,#VALUE!,,
131505,Fail,1,_check_macro_definitions,,
38504,Fail,2,vi_pos_end_short,vi_pos_back_short,
5292,Fail,1,_tokenize,,
37938,Fail,1,source_synopsis,,
15950,Fail,1,extract_info,,
116070,Fail,1,_tokenize,,
38504,Fail,2,vi_pos_end_short,vi_pos_back_short,
5519,Fail,1,_filter_header,,
116046,Pass,-1,#VALUE!,,
116178,Fail,1,begin,,
144411,Fail,1,_tokenize,,
146077,Fail,1,source_synopsis,,
149904,Fail,1,_tokenize,,
116044,Fail,1,_dist_try_harder,,
144384,Fail,1,_dist_try_harder,,
120179,Fail,1,source_synopsis,,
142442,Fail,1,source_synopsis,,
38415,Fail,1,_tokenize,,
38249,Fail,2,stop_thread,run,
144507,Fail,1,_handle_fromlist,,
131530,Fail,2,copy_scripts,copy_scripts,
45541,Fail,1,_pagination_members,,
2843,Fail,1,addtoken,,
15776,Fail,1,_pagination_members,,
102419,Fail,1,begin,,
3376,Fail,1,match_lang,,
15693,Fail,1,_pagination,,
102197,Fail,1,_dist_try_harder,,
15807,Pass,-1,#VALUE!,,
45304,Fail,1,source_synopsis,,
21062,Fail,1,source_synopsis,,
3376,Fail,1,match_lang,,
147157,Fail,1,source_synopsis,,
115204,Fail,1,source_synopsis,,
102496,Fail,1,loadTestsFromName,,
144507,Pass,-1,#VALUE!,,
15914,Fail,3,replace_extension,merge_dicts,parse_codecs
163939,Fail,1,source_synopsis,,
118782,Fail,-1,#VALUE!,,
38415,Fail,1,_tokenize,,
121237,Pass,-1,#VALUE!,,
143319,Fail,1,getdelimited,,
144384,Fail,1,_dist_try_harder,,
102306,Fail,1,StructureBody,,
160522,Fail,1,source_synopsis,,
149904,Fail,1,_tokenize,,
118759,Fail,1,_signature_get_partial,,
120996,Fail,1,do_break,,
40857,Fail,1,source_synopsis,,
102197,Fail,1,_dist_try_harder,,
31962,Fail,1,source_synopsis,,
143266,Fail,1,source_synopsis,,
3376,Fail,1,match_lang,,
15776,Fail,1,_pagination_members,,
2843,Pass,-1,#VALUE!,,
102418,Fail,1,_replace_charref,,
102419,Fail,1,begin,,
45541,Fail,1,_pagination_members,,
10010,Fail,1,_download_json,,
144525,Fail,1,generate,,
41278,Fail,1,source_synopsis,,
38504,Fail,1,vi_pos_back_short,,
118795,Pass,-1,#VALUE!,,
38504,Fail,2,vi_pos_end_short,vi_pos_back_short,
121179,Fail,1,begin,,
121220,Fail,1,match_lang,,
131287,Fail,1,source_synopsis,,
38249,Fail,2,stop_thread,run,
116031,Fail,1,_signature_get_partial,,
38504,Fail,2,vi_pos_end_short,vi_pos_back_short,
38517,Pass,-1,#VALUE!,,
2590,Fail,1,StructureBody,,
115308,Fail,1,StructureBody,,
116046,Fail,1,_joinrealpath,,
144411,Fail,1,_tokenize,,
26870,Fail,1,generate,,
116070,Fail,1,_tokenize,,
16380,Fail,2,_real_extract,_real_extract,
169108,Fail,1,source_synopsis,,
5292,Fail,1,_tokenize,,
102202,Fail,1,source_synopsis,,
38504,Fail,2,vi_pos_end_short,vi_pos_back_short,
15951,Pass,-1,#VALUE!,,
15950,Fail,1,extract_info,,
5533,Fail,1,_lookfor_generate_cache,,
45714,Fail,1,extract_info,,
15858,Pass,-1,#VALUE!,,
2590,Fail,1,StructureBody,,
143287,Fail,1,_tokenize,,
120212,Fail,1,__new__,,
167312,Fail,1,source_synopsis,,
26680,Fail,1,source_synopsis,,
169095,Fail,1,join,,
38504,Fail,2,vi_pos_end_short,vi_pos_back_short,
4773,Fail,1,source_synopsis,,
131612,Fail,1,_serve,,
121001,Fail,1,_joinrealpath,,
37239,Fail,1,source_synopsis,,
128771,Fail,1,source_synopsis,,
121220,Fail,1,match_lang,,
133362,Fail,1,source_synopsis,,
38249,Fail,2,stop_thread,run,
38387,Fail,1,_dist_try_harder,,
17164,Fail,1,source_synopsis,,
15537,Fail,1,source_synopsis,,
121211,Fail,1,generate,,
116218,Fail,1,loadTestsFromName,,
37484,Fail,1,source_synopsis,,
131678,Fail,1,_lookfor_generate_cache,,
120325,Fail,1,_serve,,
2846,Fail,1,generate_tokens,,
45714,Fail,1,extract_info,,
171027,Fail,1,source_synopsis,,
38504,Fail,2,vi_pos_end_short,vi_pos_back_short,
169130,Fail,1,_tokenize,,
102227,Fail,1,_tokenize,,
146097,Fail,1,_wrap_chunks,,
28478,Fail,1,source_synopsis,,
147635,Fail,1,f2py_sources,,
115308,Pass,-1,#VALUE!,,
118880,Fail,1,begin,,
131664,Fail,1,_filter_header,,
15802,Fail,1,begin,,
14593,Fail,1,source_synopsis,,
102306,Pass,-1,#VALUE!,,
47934,Fail,1,_dist_try_harder,,
102434,Fail,1,_setup,,
48080,Fail,1,begin,,
47960,Fail,1,_tokenize,,
144492,Fail,1,begin,,
15914,Fail,3,replace_extension,merge_dicts,parse_codecs
160578,Fail,1,begin,,
102224,Fail,1,_wrap_chunks,,
35007,Fail,1,source_synopsis,,
2465,Fail,1,source_synopsis,,
102199,Pass,-1,#VALUE!,,
118911,Pass,-1,#VALUE!,,
16007,Pass,-1,#VALUE!,,
160602,Pass,-1,#VALUE!,,
120999,Fail,1,_dist_try_harder,,
15557,Pass,-1,#VALUE!,,
118775,Fail,1,source_synopsis,,
37619,Fail,1,generate,,
120985,Fail,1,_signature_get_partial,,
3376,Fail,1,match_lang,,
16342,Pass,-1,#VALUE!,,
144487,Fail,1,getdelimited,,
102185,Fail,1,read_windows_registry,,
15914,Fail,3,replace_extension,merge_dicts,parse_codecs
144507,Fail,1,_setup,,
38391,Fail,1,source_synopsis,,
102212,Fail,-1,#VALUE!,,
38221,Fail,1,_parse_signing_key_data,,
47960,Fail,1,_tokenize,,
102306,Fail,1,StructureBody,,
47934,Fail,1,_dist_try_harder,,
102434,Fail,2,_handle_fromlist,_setup,
48080,Fail,1,begin,,
116035,Fail,1,join,,
118768,Fail,1,do_break,,
3376,Fail,1,match_lang,,
120999,Fail,1,_dist_try_harder,,
116306,Fail,1,source_synopsis,,
15557,Fail,1,_wrap_chunks,,
121003,Fail,1,source_synopsis,,
102199,Fail,1,_joinrealpath,,
102207,Fail,1,decode,,
149877,Fail,1,source_synopsis,,
148829,Fail,1,source_synopsis,,
121001,Pass,-1,#VALUE!,,
38249,Fail,2,stop_thread,run,
121220,Fail,1,match_lang,,
38504,Fail,2,vi_pos_end_short,vi_pos_back_short,
148969,Fail,1,_check_macro_definitions,,
2590,Fail,1,StructureBody,,
143287,Fail,1,_tokenize,,
118880,Fail,1,begin,,
2838,Fail,3,_detect_future_features,refactor_file,refactor_stdin
115308,Fail,1,StructureBody,,
3131,Fail,1,source_synopsis,,
15802,Fail,1,begin,,
116070,Fail,1,_tokenize,,
146097,Pass,-1,#VALUE!,,
15835,Fail,1,generate,,
147635,Fail,1,f2py_sources,,
38504,Fail,1,vi_pos_end_short,,
5292,Fail,1,_tokenize,,
15975,Fail,1,_process_media_selector,,
116048,Fail,1,source_synopsis,,
169130,Fail,1,_tokenize,,
144388,Fail,1,source_synopsis,,
102227,Fail,1,_tokenize,,
131678,Fail,1,_lookfor_generate_cache,,
5533,Fail,1,_lookfor_generate_cache,,
45714,Fail,1,extract_info,,
169106,Fail,1,normpath,,
2846,Fail,1,generate_tokens,,
2843,Fail,1,addtoken,,
115204,Fail,1,source_synopsis,,
102496,Fail,1,loadTestsFromName,,
118875,Fail,1,getdelimited,,
116033,Fail,1,read_windows_registry,,
3376,Fail,1,match_lang,,
21062,Fail,1,source_synopsis,,
147157,Fail,1,source_synopsis,,
15693,Fail,1,_pagination,,
45304,Fail,1,source_synopsis,,
144384,Fail,1,_dist_try_harder,,
142442,Fail,1,source_synopsis,,
120179,Fail,1,source_synopsis,,
116044,Fail,1,_dist_try_harder,,
149904,Fail,1,_tokenize,,
146077,Fail,1,source_synopsis,,
102306,Fail,1,StructureBody,,
131530,Fail,2,copy_scripts,copy_scripts,
144507,Fail,1,_setup,,
38415,Fail,1,_tokenize,,
15950,Fail,1,extract_info,,
102227,Fail,1,_tokenize,,
37938,Fail,1,source_synopsis,,
38504,Fail,1,vi_pos_end_short,,
5292,Fail,1,_tokenize,,
47938,Fail,1,source_synopsis,,
131678,Fail,1,_lookfor_generate_cache,,
5533,Fail,1,_lookfor_generate_cache,,
144411,Fail,1,_tokenize,,
116178,Fail,1,begin,,
102424,Pass,-1,#VALUE!,,
115308,Fail,1,StructureBody,,
150572,Pass,-1,#VALUE!,,
116070,Fail,1,_tokenize,,
38504,Fail,1,vi_pos_end_short,,
38504,Fail,2,vi_pos_end_short,vi_pos_back_short,
38249,Fail,2,stop_thread,run,
38389,Fail,1,_joinrealpath,,
4552,Fail,1,source_synopsis,,
2590,Fail,1,StructureBody,,
143287,Fail,1,_tokenize,,
102194,Fail,1,do_break,,
126990,Fail,1,source_synopsis,,
102478,Fail,1,generate,,
124742,Fail,1,source_synopsis,,
118795,Fail,1,_wrap_chunks,,
16389,Fail,1,_real_extract,,
38504,Pass,-1,#VALUE!,,
143324,Fail,1,begin,,
38249,Fail,2,stop_thread,run,
121220,Fail,1,match_lang,,
116228,Pass,-1,#VALUE!,,
121179,Fail,1,begin,,
144545,Pass,-1,#VALUE!,,
169108,Fail,1,source_synopsis,,
26870,Fail,1,generate,,
116070,Fail,1,_tokenize,,
16380,Fail,2,_real_extract,_real_extract,
144411,Fail,1,_tokenize,,
115308,Fail,1,StructureBody,,
116046,Fail,1,normpath,,
116178,Fail,1,begin,,
47925,Fail,1,join,,
2846,Fail,1,generate_tokens,,
15757,Pass,-1,#VALUE!,,
5533,Fail,1,_lookfor_generate_cache,,
102398,Fail,1,header_encode_lines,,
169130,Fail,1,_tokenize,,
15950,Fail,1,extract_info,,
15951,Fail,1,_get_anvato_videos,,
102202,Fail,1,source_synopsis,,
2837,Pass,-1,#VALUE!,,
5292,Fail,1,_tokenize,,
38504,Fail,2,vi_pos_end_short,vi_pos_back_short,
121220,Fail,1,match_lang,,
131287,Fail,1,source_synopsis,,
38504,Fail,2,vi_pos_end_short,vi_pos_back_short,
121179,Fail,1,begin,,
38249,Fail,2,stop_thread,run,
38504,Fail,1,vi_pos_back_short,,
143324,Fail,1,begin,,
2590,Pass,-1,#VALUE!,,
38504,Fail,2,vi_pos_end_short,vi_pos_back_short,
15660,Fail,1,_download_impl,,
38389,Pass,-1,#VALUE!,,
143266,Fail,1,source_synopsis,,
3376,Fail,1,match_lang,,
31962,Fail,1,source_synopsis,,
102197,Fail,1,_dist_try_harder,,
40857,Fail,1,source_synopsis,,
144356,Pass,-1,#VALUE!,,
41278,Fail,1,source_synopsis,,
45541,Fail,1,_pagination_members,,
144525,Fail,1,generate,,
102240,Fail,1,__new__,,
102419,Fail,1,begin,,
15776,Fail,1,_pagination_members,,
38415,Fail,1,_tokenize,,
2509,Fail,1,__new__,,
163939,Fail,1,source_synopsis,,
144507,Fail,2,_handle_fromlist,_setup,
160522,Fail,1,source_synopsis,,
149904,Fail,1,_tokenize,,
102434,Fail,1,_setup,,
102306,Fail,1,StructureBody,,
102182,Fail,1,_signature_get_partial,,
47960,Fail,1,_tokenize,,
116044,Fail,1,_dist_try_harder,,