ID,Count,,,,,,,,,,,,,
139491,1,_save,,,,,,,,,,,,
118150,1,serializeElement,,,,,,,,,,,,
12322,1,fileno,,,,,,,,,,,,
105233,6,add_handler,parse_http_list,_safe_gethostbyname,http_error_302,prompt_user_passwd,_proxy_bypass_macosx_sysconf,,,,,,,
10336,1,read,,,,,,,,,,,,
137703,13,find_function,do_commands,do_break,do_up,do_down,do_until,_getval,do_list,do_longlist,do_source,do_whatis,do_help,main
156776,1,make_accessor,,,,,,,,,,,,
183714,2,_makenames_list,npy_ctypes_check,,,,,,,,,,,
139433,1,_deprecate_as_int,,,,,,,,,,,,
118263,1,rename,,,,,,,,,,,,
156694,1,__import_pywin32_system_module__,,,,,,,,,,,,
12347,11,_select_from,with_suffix,relative_to,exists,is_dir,is_file,is_symlink,is_block_device,is_char_device,is_fifo,is_socket,,
154707,1,read_worksheets,,,,,,,,,,,,
10302,4,__init_subclass__,normalvariate,vonmisesvariate,gammavariate,,,,,,,,,
161985,8,_ipaddr_info,run_forever,def,def,def,def,def,def,,,,,
156653,1,_line_iterator,,,,,,,,,,,,
137925,2,WriteClassBody,_Build_CoClass,,,,,,,,,,,
128440,1,__init__,,,,,,,,,,,,
139734,2,__init__,is_package,,,,,,,,,,,
118197,1,make_dfa,,,,,,,,,,,,
158563,5,GetClassForCLSID,EnsureModuleForTypelibInterface,EnsureModule,GetGeneratedInfos,Rebuild,,,,,,,,
139547,2,token,lex,,,,,,,,,,,
118257,1,_authenticate_gssapi,,,,,,,,,,,,
125408,1,=,,,,,,,,,,,,
183720,4,_needs_build,single_compile,matcher,CCompiler_get_version,,,,,,,,,
162092,3,_recv_bytes,PipeClient,_exhaustive_wait,,,,,,,,,,
118459,1,__call__,,,,,,,,,,,,
29438,2,get_cookie,get_screenshot_as_file,,,,,,,,,,,
112142,10,with_suffix,relative_to,exists,is_dir,is_file,is_symlink,is_block_device,is_char_device,is_fifo,is_socket,,,
106442,1,_iterdump,,,,,,,,,,,,
160317,2,alabel,uts46_remap,,,,,,,,,,,
125317,1,run,,,,,,,,,,,,
125135,4,set_macro,load_macros,compile,get_msvc_paths,,,,,,,,,
160075,1,cwd,,,,,,,,,,,,
117794,2,def,def,,,,,,,,,,,
154298,1,_open,,,,,,,,,,,,
157220,1,build_a_library,,,,,,,,,,,,
112176,3,inner,_allow_reckless_class_cheks,_proto_hook,,,,,,,,,,
120885,1,decode,,,,,,,,,,,,
25779,5,terminal_has_colors,__init__,dict_append,_get_hg_revision,is_bootstrapping,,,,,,,,
120936,3,parse,close,_start,,,,,,,,,,
157305,1,load_module,,,,,,,,,,,,
125290,1,parse_structure,,,,,,,,,,,,
157084,2,alabel,uts46_remap,,,,,,,,,,,
183239,1,is_admin,,,,,,,,,,,,
170298,1,cwd,,,,,,,,,,,,
48859,11,prep,checkmc,secure_check,checkname,optifine,mojang,liquidbounce,skyblock,loadcombo,loadproxy,get_announcement,,
112204,10,_read_from_self,def,def,_sock_sendall,_read_ready__get_buffer,_read_ready__data_received,_read_ready__on_eof,write,sendto,_sendto_ready,,,
120765,1,get_ld_headers,,,,,,,,,,,,
157195,1,_add_aliases,,,,,,,,,,,,
10468,5,parse_headers,begin,_read_and_discard_trailer,_get_content_length,getresponse,,,,,,,,
106437,2,get_netrc_auth,parse_header_links,,,,,,,,,,,
117743,1,_gnu_get_libc_version,,,,,,,,,,,,
159074,11,GetPerformanceAttributes,memusage,assert_equal,assert_almost_equal,assert_approx_equal,assert_array_compare,compare,decorate_methods,_assert_no_gc_cycles_context,_get_mem_available,wrapper,,
120611,2,runeval,effective,,,,,,,,,,,
166478,1,cwd,,,,,,,,,,,,
157261,1,__getitem__,,,,,,,,,,,,
120640,2,find_module,init_builtin,,,,,,,,,,,
157321,3,cpu_count_logical,wrapper,cwd,,,,,,,,,,
118939,2,_format_actions_usage,_parse_known_args,,,,,,,,,,,
29479,1,_merge_pool_kwargs,,,,,,,,,,,,
125247,2,load_library,ndpointer,,,,,,,,,,,
104994,1,cwd,,,,,,,,,,,,
106403,1,load_read,,,,,,,,,,,,
48313,1,_get_elements_raw,,,,,,,,,,,,
138878,3,_guess_quote_and_delimiter,_guess_delimiter,has_header,,,,,,,,,,
183730,1,generate_def,,,,,,,,,,,,
139786,13,find_function,do_commands,do_break,do_up,do_down,do_until,_getval,do_list,do_longlist,do_source,do_whatis,do_help,main
155659,1,_line_iterator,,,,,,,,,,,,
183761,1,buildcallback,,,,,,,,,,,,
125509,2,unpack_archive,unpack_tarfile,,,,,,,,,,,
118216,2,_maybe_reindex_handlers,retrieve,,,,,,,,,,,
154746,1,active,,,,,,,,,,,,
139664,7,idna_encode,get_subj_alt_name,recv,recv_into,_send_until_done,close,wrap_socket,,,,,,
105097,1,_worker,,,,,,,,,,,,
10312,5,wrapper,create_connection,_SOCKS5_request,_write_SOCKS5_address,connect_ex,,,,,,,,
156851,4,make_type,ParseModule,parse_typeinfo,generate_module,,,,,,,,,
10252,1,close,,,,,,,,,,,,
183683,2,load_library,ndpointer,,,,,,,,,,,
139532,6,net_connections,cpu_freq,is_zombie,wrapper,cmdline,terminal,,,,,,,
118222,2,add_handler,parse_http_list,,,,,,,,,,,
106268,1,_encode_text,,,,,,,,,,,,
55295,10,with_suffix,relative_to,exists,is_dir,is_file,is_symlink,is_block_device,is_char_device,is_fifo,is_socket,,,
12390,5,_find_mac,_netstat_getnode,_ipconfig_getnode,_load_system_functions,getnode,,,,,,,,
157628,8,_ipaddr_info,run_forever,def,def,def,def,def,def,,,,,
183704,2,issctype,issubclass_,,,,,,,,,,,
139590,1,_have_cython,,,,,,,,,,,,
137653,1,__init__,,,,,,,,,,,,
156834,1,_check_ctypeslib_typecodes,,,,,,,,,,,,
128524,5,register,open,open,_invoke,_find_grail_rc,,,,,,,,
145546,3,_warn_for_string_literal,_get_type_and_quals,_get_struct_union_enum_type,,,,,,,,,,
118000,1,def,,,,,,,,,,,,
142266,2,_safe_path,get_pkg_info_revision,,,,,,,,,,,
145894,2,__init__,_try_str,,,,,,,,,,,
105203,5,_resolve_dead,_resolve_borrowed,_resolve_borrowing,_key_to_keysym,_event_to_key,,,,,,,,
105192,3,__init__,is_set,wait,,,,,,,,,,
142306,2,urljoin,parse_qsl,,,,,,,,,,,
137921,1,_ResolveType,,,,,,,,,,,,
156746,8,_ipaddr_info,run_forever,def,def,def,def,def,def,,,,,
151126,5,wrapper,create_connection,_SOCKS5_request,_write_SOCKS5_address,connect_ex,,,,,,,,
111643,2,ssl_wrap_socket,_is_key_file_encrypted,,,,,,,,,,,
10306,1,read_token,,,,,,,,,,,,
183724,4,getoutput,_try_call,get_ip,__init__,,,,,,,,,
139403,1,__getitem__,,,,,,,,,,,,
156931,2,c_uint8_ptr,load_pycryptodome_raw_lib,,,,,,,,,,,
139615,1,load_module,,,,,,,,,,,,
155989,1,has_extension,,,,,,,,,,,,
105015,13,find_function,do_commands,do_break,do_up,do_down,do_until,_getval,do_list,do_longlist,do_source,do_whatis,do_help,main
125529,1,LAMBDA_FUNC_@@,,,,,,,,,,,,
138949,3,inner,_allow_reckless_class_cheks,_proto_hook,,,,,,,,,,
110739,3,__init__,get_code,load_module,,,,,,,,,,
125438,1,load_read,,,,,,,,,,,,
105044,5,_get_default_tempdir,_mkstemp_inner,mkdtemp,TemporaryFile,name,,,,,,,,
155739,8,_ipaddr_info,run_forever,def,def,def,def,def,def,,,,,
10281,1,read_windows_registry,,,,,,,,,,,,
118267,1,__send_message,,,,,,,,,,,,
183953,1,_put_conn,,,,,,,,,,,,
19961,1,cwd,,,,,,,,,,,,
139379,3,__getattribute__,__getattribute__,get_remaining_size,,,,,,,,,,
133722,1,__init__,,,,,,,,,,,,
112123,1,cwd,,,,,,,,,,,,
162140,2,urljoin,parse_qsl,,,,,,,,,,,
160045,3,__init__,get_code,load_module,,,,,,,,,,
125294,5,terminal_has_colors,__init__,dict_append,_get_hg_revision,is_bootstrapping,,,,,,,,
157301,11,GetPerformanceAttributes,memusage,assert_equal,assert_almost_equal,assert_approx_equal,assert_array_compare,compare,decorate_methods,_assert_no_gc_cycles_context,_get_mem_available,wrapper,,
157181,2,issctype,issubclass_,,,,,,,,,,,
12579,4,find_library,_findLib_gcc,_findSoname_ldconfig,_findLib_ld,,,,,,,,,
160385,3,_encode_files,deregister_hook,json,,,,,,,,,,
154079,1,read_windows_registry,,,,,,,,,,,,
120631,1,cwd,,,,,,,,,,,,
117831,1,def,,,,,,,,,,,,
121819,2,calc_packing,StructureBody,,,,,,,,,,,
106417,1,_open,,,,,,,,,,,,
157397,1,LAMBDA_FUNC_@@,,,,,,,,,,,,
104973,2,_format_actions_usage,_parse_known_args,,,,,,,,,,,
120906,1,_open,,,,,,,,,,,,
138203,1,make_num,,,,,,,,,,,,
144284,3,recv,_send_until_done,ssl_wrap_socket,,,,,,,,,,
162065,5,parse_request,handle_one_request,send_head,list_directory,run_cgi,,,,,,,,
10508,2,findCaller,shutdown,,,,,,,,,,,
10419,1,get_ld_headers,,,,,,,,,,,,
47514,1,__init__,,,,,,,,,,,,
117992,2,def,request,,,,,,,,,,,
3606,1,cwd,,,,,,,,,,,,
157325,1,wait_pid,,,,,,,,,,,,
120615,3,complete,do_help,columnize,,,,,,,,,,
49735,1,__init__,,,,,,,,,,,,
48459,2,alabel,uts46_remap,,,,,,,,,,,
157387,2,get_config_var,is_manylinux1_compatible,,,,,,,,,,,
104990,1,_line_iterator,,,,,,,,,,,,
12429,3,all_tasks,_all_tasks_compat,def,,,,,,,,,,
125395,2,has_ghostscript,_open,,,,,,,,,,,
120862,1,read_32,,,,,,,,,,,,
112200,8,_eof_received,_data_received,_loop_reading,_loop_writing,_loop_writing,_loop_reading,def,loop,,,,,
125284,4,_needs_build,single_compile,matcher,CCompiler_get_version,,,,,,,,,
162010,4,_unregister_wait,_unregister_wait,loop_accept_pipe,_poll,,,,,,,,,
141846,3,inner,_allow_reckless_class_cheks,_proto_hook,,,,,,,,,,
12819,1,__getitem__,,,,,,,,,,,,
117955,1,__init__,,,,,,,,,,,,
18250,1,__init__,,,,,,,,,,,,
12908,2,write,get_buf_from_file,,,,,,,,,,,
148304,1,_line_iterator,,,,,,,,,,,,
120891,2,write,get_buf_from_file,,,,,,,,,,,
10291,13,find_function,do_commands,do_break,do_up,do_down,do_until,_getval,do_list,do_longlist,do_source,do_whatis,do_help,main
29216,5,register,open,open,_invoke,_find_grail_rc,,,,,,,,
183700,1,_do_init,,,,,,,,,,,,
48323,1,_CreateWrapper,,,,,,,,,,,,
105145,5,parse_headers,begin,_read_and_discard_trailer,_get_content_length,getresponse,,,,,,,,
139536,9,cpu_count_logical,disk_partitions,wrapper,exe,terminal,cwd,threads,open_files,memory_maps,,,,
26039,2,_safe_path,get_pkg_info_revision,,,,,,,,,,,
110778,3,join,_readlink_deep,_getfinalpathname_nonstrict,,,,,,,,,,
105005,1,read_windows_registry,,,,,,,,,,,,
12336,10,ip_address,ip_network,ip_interface,summarize_address_range,_collapse_addresses_internal,_prefix_from_ip_string,__eq__,__lt__,__eq__,__lt__,,,
110888,2,parse_config_h,expand_makefile_vars,,,,,,,,,,,
118395,7,idna_encode,get_subj_alt_name,recv,recv_into,_send_until_done,close,wrap_socket,,,,,,
139594,6,msvc9_query_vcvarsall,_msvc14_find_vc2015,lookup,find_reg_vs_vers,find_programdata_vs_vers,_guess_vc,,,,,,,
145513,8,_ipaddr_info,run_forever,def,def,def,def,def,def,,,,,
158670,11,_samefile,copyfile,_copyxattr,copystat,_copytree,_rmtree_isdir,_rmtree_islink,_rmtree_isdir,_rmtree_unsafe,_rmtree_safe_fd,rmtree,,
118284,3,_receive_data_on_socket,_receive_data_on_socket,socket_closed,,,,,,,,,,
10322,4,wait,acquire,wait,_bootstrap,,,,,,,,,
137954,1,__init__,,,,,,,,,,,,
183462,1,long_to_bytes,,,,,,,,,,,,
106089,1,_line_iterator,,,,,,,,,,,,
124962,1,_parse_doctype_entity,,,,,,,,,,,,
118303,1,acquire,,,,,,,,,,,,
183977,2,ssl_wrap_socket,_is_key_file_encrypted,,,,,,,,,,,
161933,10,with_suffix,relative_to,exists,is_dir,is_file,is_symlink,is_block_device,is_char_device,is_fifo,is_socket,,,
128627,2,_decode_uXXXX,JSONObject,,,,,,,,,,,
10256,1,_maybe_compile,,,,,,,,,,,,
137931,1,IsCOMServerException,,,,,,,,,,,,
183796,1,exists,,,,,,,,,,,,
105213,1,keyboard_mapping,,,,,,,,,,,,
137860,2,compat,generate_tokens,,,,,,,,,,,
183787,4,load,loadtxt,fromregex,genfromtxt,,,,,,,,,
10356,8,_eof_received,_data_received,_loop_reading,_loop_writing,_loop_writing,_loop_reading,def,loop,,,,,
113747,6,scan_directive_name,scan_anchor,scan_block_scalar,scan_plain,scan_tag_handle,scan_tag_uri,,,,,,,
118130,1,goahead,,,,,,,,,,,,
183995,1,IsCOMServerException,,,,,,,,,,,,
10307,11,_samefile,copyfile,_copyxattr,copystat,_copytree,_rmtree_isdir,_rmtree_islink,_rmtree_isdir,_rmtree_unsafe,_rmtree_safe_fd,rmtree,,
107034,1,cwd,,,,,,,,,,,,
158537,7,idna_encode,get_subj_alt_name,recv,recv_into,_send_until_done,close,wrap_socket,,,,,,
137681,1,cwd,,,,,,,,,,,,
183725,1,find_executable,,,,,,,,,,,,
157489,1,EnumTlbs,,,,,,,,,,,,
25335,1,cwd,,,,,,,,,,,,
145442,1,read_windows_registry,,,,,,,,,,,,
118044,1,get,,,,,,,,,,,,
10273,1,_parse,,,,,,,,,,,,
158873,2,c_uint8_ptr,load_pycryptodome_raw_lib,,,,,,,,,,,
10362,1,def,,,,,,,,,,,,
156691,1,_make_device_info_dictionary,,,,,,,,,,,,
105014,11,_select_from,with_suffix,relative_to,exists,is_dir,is_file,is_symlink,is_block_device,is_char_device,is_fifo,is_socket,,
29256,1,closed,,,,,,,,,,,,
110738,1,__init__,,,,,,,,,,,,
113411,11,_select_from,with_suffix,relative_to,exists,is_dir,is_file,is_symlink,is_block_device,is_char_device,is_fifo,is_socket,,
155678,1,_parse,,,,,,,,,,,,
10280,1,decompress,,,,,,,,,,,,
125377,1,_deprecate_as_int,,,,,,,,,,,,
148315,1,_read_gzip_header,,,,,,,,,,,,
12859,11,GetPerformanceAttributes,memusage,assert_equal,assert_almost_equal,assert_approx_equal,assert_array_compare,compare,decorate_methods,_assert_no_gc_cycles_context,_get_mem_available,wrapper,,
133723,3,__init__,get_code,load_module,,,,,,,,,,
118439,11,getUserData,item,getNamedItem,getNamedItemNS,getAttribute,getAttributeNS,_get_wholeText,replaceWholeText,item,getElementById,renameNode,,
157122,1,make_dfa,,,,,,,,,,,,
117804,4,ws_ext_parse,feed_data,_feed_data,parse_frame,,,,,,,,,
160044,1,__init__,,,,,,,,,,,,
160104,1,_make_device_info_dictionary,,,,,,,,,,,,
112180,3,get_resource_reader,_get_mtime_and_size_of_source,contents,,,,,,,,,,
117830,2,def,def,,,,,,,,,,,
48559,2,get_netrc_auth,parse_header_links,,,,,,,,,,,
117970,2,def,def,,,,,,,,,,,
112287,3,handle,run,assertSequenceEqual,,,,,,,,,,
106416,1,_open,,,,,,,,,,,,
151669,3,handle,run,assertSequenceEqual,,,,,,,,,,
10509,3,_recv_bytes,PipeClient,_exhaustive_wait,,,,,,,,,,
120604,4,__init__,_is_pep420_namespace_package,is_package,get_source,,,,,,,,,
120907,1,_open,,,,,,,,,,,,
125161,1,_encode_text,,,,,,,,,,,,
157225,2,_link,check_type_size,,,,,,,,,,,
110371,1,_parse,,,,,,,,,,,,
157264,4,load,loadtxt,fromregex,genfromtxt,,,,,,,,,
47515,3,__init__,get_code,load_module,,,,,,,,,,
10548,1,unicode_is_ascii,,,,,,,,,,,,
157324,5,disk_partitions,net_connections,is_zombie,wrapper,terminal,,,,,,,,
120946,3,end,end_dispatch,request,,,,,,,,,,
120857,3,_open,_seek,_get_global_header,,,,,,,,,,
117781,1,_parse_doctype_entity,,,,,,,,,,,,
183259,1,_line_iterator,,,,,,,,,,,,
159045,1,_lookfor_generate_cache,,,,,,,,,,,,
159294,1,cwd,,,,,,,,,,,,
117772,3,inner,_allow_reckless_class_cheks,_proto_hook,,,,,,,,,,
157386,3,_download_to,open_url,local_open,,,,,,,,,,
121808,5,call_with_this,call_without_this,find_method,find_impl,IDispatch_Invoke,,,,,,,,
141880,3,_wakeup_next,def,def,,,,,,,,,,
112297,2,urljoin,parse_qsl,,,,,,,,,,,
117723,10,ip_address,ip_network,ip_interface,summarize_address_range,_collapse_addresses_internal,_prefix_from_ip_string,__eq__,__lt__,__eq__,__lt__,,,
154068,1,cwd,,,,,,,,,,,,
120863,1,=,,,,,,,,,,,,
112310,3,end,end_dispatch,request,,,,,,,,,,
110355,1,_line_iterator,,,,,,,,,,,,
157132,1,has_extension,,,,,,,,,,,,
29448,2,until,until_not,,,,,,,,,,,
12849,1,_deprecate_as_int,,,,,,,,,,,,
117845,8,_eof_received,_data_received,_loop_reading,_loop_writing,_loop_writing,_loop_reading,def,loop,,,,,
18251,3,__init__,get_code,load_module,,,,,,,,,,
106432,3,_encode_files,deregister_hook,json,,,,,,,,,,
120890,1,_save,,,,,,,,,,,,
10290,10,with_suffix,relative_to,exists,is_dir,is_file,is_symlink,is_block_device,is_char_device,is_fifo,is_socket,,,
145730,3,_find_vc2015,compile,spawn,,,,,,,,,,
105055,1,FormatMessage,,,,,,,,,,,,
139537,4,wrapper,_get_raw_meminfo,create_time,num_handles,,,,,,,,,
105144,1,_replace_charref,,,,,,,,,,,,
125538,1,read_manifest,,,,,,,,,,,,
152059,3,_encode_files,deregister_hook,json,,,,,,,,,,
158793,2,calc_packing,StructureBody,,,,,,,,,,,
118367,1,filter_command,,,,,,,,,,,,
156672,1,read_windows_registry,,,,,,,,,,,,
145891,2,unpack_archive,unpack_tarfile,,,,,,,,,,,
154666,4,__set__,__set__,__set__,__set__,,,,,,,,,
156623,1,__init__,,,,,,,,,,,,
137955,3,__init__,get_code,load_module,,,,,,,,,,
154421,1,_getoverviewfmt,,,,,,,,,,,,
139443,11,GetPerformanceAttributes,memusage,assert_equal,assert_almost_equal,assert_approx_equal,assert_array_compare,compare,decorate_methods,_assert_no_gc_cycles_context,_get_mem_available,wrapper,,
105030,1,read_token,,,,,,,,,,,,
105170,2,compat,generate_tokens,,,,,,,,,,,
145615,1,GetBestInterface,,,,,,,,,,,,
118213,2,get_encoding_from_response,__eq__,,,,,,,,,,,
158467,3,_download_to,open_url,local_open,,,,,,,,,,
151077,1,cwd,,,,,,,,,,,,
183985,1,_ResolveType,,,,,,,,,,,,
12303,1,read_multi,,,,,,,,,,,,
172773,1,_parse_doctype_entity,,,,,,,,,,,,
159789,5,my_unichr,replace_entity,__call__,handle_meta,get_attribute,,,,,,,,
105232,2,urljoin,parse_qsl,,,,,,,,,,,
111623,1,_merge_pool_kwargs,,,,,,,,,,,,
118040,9,__init__,get,get,read_resolv_conf,read_registry,_win32_is_nic_enabled,query,zone_for_name,_getaddrinfo,,,,
145506,1,_parse_doctype_entity,,,,,,,,,,,,
142366,11,getUserData,item,getNamedItem,getNamedItemNS,getAttribute,getAttributeNS,_get_wholeText,replaceWholeText,item,getElementById,renameNode,,
137702,11,_select_from,with_suffix,relative_to,exists,is_dir,is_file,is_symlink,is_block_device,is_char_device,is_fifo,is_socket,,
183715,2,_clip_dep_is_scalar_nan,_clip_dep_invoke_with_casting,,,,,,,,,,,
10284,3,join,_readlink_deep,_getfinalpathname_nonstrict,,,,,,,,,,
128486,10,with_suffix,relative_to,exists,is_dir,is_file,is_symlink,is_block_device,is_char_device,is_fifo,is_socket,,,
133178,3,_download_to,open_url,local_open,,,,,,,,,,
118233,3,connect_to_new_process,ensure_running,main,,,,,,,,,,
19935,1,__init__,,,,,,,,,,,,
29155,1,cwd,,,,,,,,,,,,
183991,1,EnumTlbs,,,,,,,,,,,,
10303,2,_get_main_module_details,run_path,,,,,,,,,,,
154706,1,find_images,,,,,,,,,,,,
139764,1,cwd,,,,,,,,,,,,
105206,1,_handle,,,,,,,,,,,,
118165,5,parse_request,handle_one_request,send_head,list_directory,run_cgi,,,,,,,,
111586,3,_encode_files,deregister_hook,json,,,,,,,,,,
137924,5,GetClassForCLSID,EnsureModuleForTypelibInterface,EnsureModule,GetGeneratedInfos,Rebuild,,,,,,,,
128441,3,__init__,get_code,load_module,,,,,,,,,,
145902,1,_ok,,,,,,,,,,,,
158562,7,__str__,_find_dispatch_type_,_make_method_,__LazyMap__,_LazyAddAttr_,__getattr__,__setattr__,,,,,,
125518,6,msvc9_query_vcvarsall,_msvc14_find_vc2015,lookup,find_reg_vs_vers,find_programdata_vs_vers,_guess_vc,,,,,,,
55030,1,_gnu_get_libc_version,,,,,,,,,,,,
125458,1,load_module,,,,,,,,,,,,
113530,1,closed,,,,,,,,,,,,
183962,7,idna_encode,get_subj_alt_name,recv,recv_into,_send_until_done,close,wrap_socket,,,,,,
125549,2,_is_manylinux_compatible,_linux_platforms,,,,,,,,,,,
139406,4,load,loadtxt,fromregex,genfromtxt,,,,,,,,,
151090,1,read_windows_registry,,,,,,,,,,,,
117766,1,_wrap_chunks,,,,,,,,,,,,
157392,2,filesys_decode,try_encode,,,,,,,,,,,
112143,13,find_function,do_commands,do_break,do_up,do_down,do_until,_getval,do_list,do_longlist,do_source,do_whatis,do_help,main
29439,2,screenshot,_upload,,,,,,,,,,,
125347,1,__getitem__,,,,,,,,,,,,
166919,4,find_single_connection_interface,error_printer,error_printer,_find_method,,,,,,,,,
117974,3,__init__,_clear_emoji,_update,,,,,,,,,,
112283,2,paste_windows,determine_clipboard,,,,,,,,,,,
125134,5,load_macros,initialize,compile,manifest_get_embed_info,_remove_visual_c_ref,,,,,,,,
120651,11,_select_from,with_suffix,relative_to,exists,is_dir,is_file,is_symlink,is_block_device,is_char_device,is_fifo,is_socket,,
117684,3,__init__,get_code,load_module,,,,,,,,,,
117987,1,parse_ready,,,,,,,,,,,,
159362,1,_parse_doctype_entity,,,,,,,,,,,,
117896,5,_bson_to_dict,_name_value_to_bson,decode_all,decode_file_iter,is_valid,,,,,,,,
138197,2,parse_and_bind,_readline_from_keyboard,,,,,,,,,,,
117795,3,_close,def,def,,,,,,,,,,
162120,2,iterbytes,read_until,,,,,,,,,,,
125322,3,get_kind,isdummyroutine,applyrules,,,,,,,,,,
117800,3,netrc_from_env,__get__,__getitem__,,,,,,,,,,
157177,1,_do_init,,,,,,,,,,,,
120877,1,_open,,,,,,,,,,,,
183279,1,read_windows_registry,,,,,,,,,,,,
10539,2,remove_cookie_by_name,__contains__,,,,,,,,,,,
173231,11,GetPerformanceAttributes,memusage,assert_equal,assert_almost_equal,assert_approx_equal,assert_array_compare,compare,decorate_methods,_assert_no_gc_cycles_context,_get_mem_available,wrapper,,
10428,1,newer_group,,,,,,,,,,,,
141750,2,__init__,is_package,,,,,,,,,,,
120826,2,_handle_tasks,_handle_results,,,,,,,,,,,
106484,2,is_connection_dropped,create_connection,,,,,,,,,,,
10568,6,add_handler,parse_http_list,_safe_gethostbyname,http_error_302,prompt_user_passwd,_proxy_bypass_macosx_sysconf,,,,,,,
125281,1,_add_aliases,,,,,,,,,,,,
10438,1,split_quoted,,,,,,,,,,,,
160390,2,get_netrc_auth,parse_header_links,,,,,,,,,,,
157205,1,parse_structure,,,,,,,,,,,,
120764,3,find_library,_findLib_gcc,_findSoname_ldconfig,,,,,,,,,,
120867,2,load,_save,,,,,,,,,,,
180362,2,_wrap_header_guess_version,_filter_header,,,,,,,,,,,
120686,3,inner,_allow_reckless_class_cheks,_proto_hook,,,,,,,,,,
117713,1,cwd,,,,,,,,,,,,
112136,3,join,_readlink_deep,_getfinalpathname_nonstrict,,,,,,,,,,
121838,1,Zipbomb,,,,,,,,,,,,
110334,3,__init__,get_code,load_module,,,,,,,,,,
18292,1,_getoverviewfmt,,,,,,,,,,,,
144291,2,is_connection_dropped,create_connection,,,,,,,,,,,
47511,1,attack,,,,,,,,,,,,
117997,1,__new__,,,,,,,,,,,,
39801,3,__init__,_is_pep420_namespace_package,is_package,,,,,,,,,,
157320,2,super,wrapper,,,,,,,,,,,
112102,2,_format_actions_usage,_parse_known_args,,,,,,,,,,,
117964,1,__instancecheck__,,,,,,,,,,,,
118419,2,process_extensions,def,,,,,,,,,,,
117727,1,_getoverviewfmt,,,,,,,,,,,,
117824,1,def,,,,,,,,,,,,
117875,1,_linkage_fixer,,,,,,,,,,,,
183731,5,terminal_has_colors,__init__,dict_append,_get_hg_revision,is_bootstrapping,,,,,,,,
29227,8,_ipaddr_info,run_forever,def,def,def,def,def,def,,,,,
140174,1,_put_conn,,,,,,,,,,,,
145912,2,_safe_path,get_pkg_info_revision,,,,,,,,,,,
105174,3,_recv_bytes,PipeClient,_exhaustive_wait,,,,,,,,,,
138968,8,_ipaddr_info,run_forever,def,def,def,def,def,def,,,,,
105187,1,_serve,,,,,,,,,,,,
124506,1,_put_conn,,,,,,,,,,,,
10313,2,_inet_paton,read,,,,,,,,,,,
29394,1,send_remote_shutdown_command,,,,,,,,,,,,
107342,1,load_read,,,,,,,,,,,,
156850,2,calc_packing,StructureBody,,,,,,,,,,,
105140,3,gotonext,getdelimited,getatom,,,,,,,,,,
124953,5,register,open,open,_invoke,_find_grail_rc,,,,,,,,
183754,1,run,,,,,,,,,,,,
118272,1,collection_info,,,,,,,,,,,,
151265,2,calc_packing,StructureBody,,,,,,,,,,,
128616,5,parse_headers,begin,_read_and_discard_trailer,_get_content_length,getresponse,,,,,,,,
105051,3,inner,_allow_reckless_class_cheks,_proto_hook,,,,,,,,,,
48326,2,calc_packing,StructureBody,,,,,,,,,,,
139600,2,filesys_decode,try_encode,,,,,,,,,,,
137712,1,__import_pywin32_system_module__,,,,,,,,,,,,
118281,2,_check_with_retry,_get_seedlist,,,,,,,,,,,
10327,3,inner,_allow_reckless_class_cheks,_proto_hook,,,,,,,,,,
183467,1,load_pycryptodome_raw_lib,,,,,,,,,,,,
105222,3,handle,run,assertSequenceEqual,,,,,,,,,,
156835,1,__call__,,,,,,,,,,,,
118001,5,def,def,def,signature,def,,,,,,,,
10417,3,find_library,_findLib_gcc,_findSoname_ldconfig,,,,,,,,,,
151504,1,read_32,,,,,,,,,,,,
121846,1,Uninstall,,,,,,,,,,,,
121745,10,_read_from_self,def,def,_sock_sendall,_read_ready__get_buffer,_read_ready__data_received,_read_ready__on_eof,write,sendto,_sendto_ready,,,
154321,2,isInt,loadImageSeries,,,,,,,,,,,
166751,1,cwd,,,,,,,,,,,,
158367,8,_detect_future_features,_read_python_source,refactor_file,refactor_string,refactor_stdin,refactor_tree,write_file,refactor_doctest,,,,,
121817,1,GetBestInterface,,,,,,,,,,,,
112119,1,_line_iterator,,,,,,,,,,,,
166912,5,call_with_this,call_without_this,find_method,find_impl,IDispatch_Invoke,,,,,,,,
38781,1,_getoverviewfmt,,,,,,,,,,,,
183272,1,_read_gzip_header,,,,,,,,,,,,
118436,1,getDOMImplementation,,,,,,,,,,,,
12947,2,paste_windows,determine_clipboard,,,,,,,,,,,
170271,3,__init__,get_code,load_module,,,,,,,,,,
117708,1,_line_iterator,,,,,,,,,,,,
111315,3,_guess_quote_and_delimiter,_guess_delimiter,has_header,,,,,,,,,,
139377,2,issctype,issubclass_,,,,,,,,,,,
158242,2,c_uint8_ptr,load_pycryptodome_raw_lib,,,,,,,,,,,
125436,2,write,get_buf_from_file,,,,,,,,,,,
155677,1,read_windows_registry,,,,,,,,,,,,
122087,2,ssl_wrap_socket,_is_key_file_encrypted,,,,,,,,,,,
118269,1,_popen_wait,,,,,,,,,,,,
106363,1,_open_subimage,,,,,,,,,,,,
110974,3,handle,run,assertSequenceEqual,,,,,,,,,,
139468,2,load,_save,,,,,,,,,,,
18411,2,c_uint8_ptr,load_pycryptodome_raw_lib,,,,,,,,,,,
110925,1,run,,,,,,,,,,,,
154768,1,_move_cells,,,,,,,,,,,,
111628,7,idna_encode,get_subj_alt_name,recv,recv_into,_send_until_done,close,wrap_socket,,,,,,
105239,1,iterfind,,,,,,,,,,,,
12379,2,_subst_vars,parse_config_h,,,,,,,,,,,
133091,1,resolve_redirects,,,,,,,,,,,,
125614,7,__str__,_find_dispatch_type_,_make_method_,__LazyMap__,_LazyAddAttr_,__getattr__,__setattr__,,,,,,
183938,3,handle,run,assertSequenceEqual,,,,,,,,,,
157486,5,GetClassForCLSID,EnsureModuleForTypelibInterface,EnsureModule,GetGeneratedInfos,Rebuild,,,,,,,,
145909,1,LAMBDA_FUNC_@@,,,,,,,,,,,,
110752,1,_maybe_compile,,,,,,,,,,,,
106186,10,_read_from_self,def,def,_sock_sendall,_read_ready__get_buffer,_read_ready__data_received,_read_ready__on_eof,write,sendto,_sendto_ready,,,
125402,3,_open,_seek,_get_global_header,,,,,,,,,,
10248,1,generic_visit,,,,,,,,,,,,
125620,2,getevents,__setattr__,,,,,,,,,,,
106064,1,__init__,,,,,,,,,,,,
157475,2,ssl_wrap_socket,_is_key_file_encrypted,,,,,,,,,,,
156659,1,cwd,,,,,,,,,,,,
10359,1,run,,,,,,,,,,,,
10349,1,is_running,,,,,,,,,,,,
133235,1,_put_conn,,,,,,,,,,,,
138881,1,_line_iterator,,,,,,,,,,,,
10318,2,_subst_vars,parse_config_h,,,,,,,,,,,
10258,4,__exit__,def,__exit__,def,,,,,,,,,
125412,2,load,_save,,,,,,,,,,,
158528,1,_put_conn,,,,,,,,,,,,
125443,2,isInt,loadImageSeries,,,,,,,,,,,
106380,1,load,,,,,,,,,,,,
12369,11,_samefile,copyfile,_copyxattr,copystat,_copytree,_rmtree_isdir,_rmtree_islink,_rmtree_isdir,_rmtree_unsafe,_rmtree_safe_fd,rmtree,,
125604,1,_is_key_file_encrypted,,,,,,,,,,,,
39133,2,get_netrc_auth,parse_header_links,,,,,,,,,,,
53832,1,__init__,,,,,,,,,,,,
12338,1,read_windows_registry,,,,,,,,,,,,
157451,1,_put_conn,,,,,,,,,,,,
110785,13,find_function,do_commands,do_break,do_up,do_down,do_until,_getval,do_list,do_longlist,do_source,do_whatis,do_help,main
157511,3,parse,close,_start,,,,,,,,,,
133190,2,_safe_path,get_pkg_info_revision,,,,,,,,,,,
106291,5,parse_request,handle_one_request,send_head,list_directory,run_cgi,,,,,,,,
124909,13,find_function,do_commands,do_break,do_up,do_down,do_until,_getval,do_list,do_longlist,do_source,do_whatis,do_help,main
118279,6,_purge_index,_is_writable,_end_sessions,_retry_with_session,_retryable_read,_ensure_session,,,,,,,
161909,1,_line_iterator,,,,,,,,,,,,
133132,1,feed,,,,,,,,,,,,
155824,4,find_single_connection_interface,error_printer,error_printer,_find_method,,,,,,,,,
121621,1,__init__,,,,,,,,,,,,
10491,1,run,,,,,,,,,,,,
132681,1,make_accessor,,,,,,,,,,,,
125279,2,_clip_dep_is_scalar_nan,_clip_dep_invoke_with_casting,,,,,,,,,,,
118426,2,def,process_extensions,,,,,,,,,,,
12654,5,parse_headers,begin,_read_and_discard_trailer,_get_content_length,getresponse,,,,,,,,
183380,1,make_accessor,,,,,,,,,,,,
10433,1,copy_file,,,,,,,,,,,,
132971,5,parse_headers,begin,_read_and_discard_trailer,_get_content_length,getresponse,,,,,,,,
157109,2,wait,write,,,,,,,,,,,
112298,6,add_handler,parse_http_list,_safe_gethostbyname,http_error_302,prompt_user_passwd,_proxy_bypass_macosx_sysconf,,,,,,,
158237,1,long_to_bytes,,,,,,,,,,,,
140720,1,__init__,,,,,,,,,,,,
112158,1,read_token,,,,,,,,,,,,
157389,1,__iter__,,,,,,,,,,,,
124183,1,__init__,,,,,,,,,,,,
124212,1,cwd,,,,,,,,,,,,
139171,1,parse,,,,,,,,,,,,
120918,3,handle,run,assertSequenceEqual,,,,,,,,,,
143979,3,__init__,get_code,load_module,,,,,,,,,,
10547,2,get_netrc_auth,parse_header_links,,,,,,,,,,,
118933,1,__init__,,,,,,,,,,,,
151747,3,parse,close,_start,,,,,,,,,,
10567,2,urljoin,parse_qsl,,,,,,,,,,,
48484,2,wait,write,,,,,,,,,,,
112178,5,register,open,open,_invoke,_find_grail_rc,,,,,,,,
139373,1,_do_init,,,,,,,,,,,,
10485,4,_get_cached,set_data,_path_hooks,_setup,,,,,,,,,
106429,2,remove_cookie_by_name,__contains__,,,,,,,,,,,
12751,2,_clip_dep_is_scalar_nan,_clip_dep_invoke_with_casting,,,,,,,,,,,
139233,1,framework_find,,,,,,,,,,,,
112129,1,_read_gzip_header,,,,,,,,,,,,
10605,3,parse,close,_start,,,,,,,,,,
10594,1,is_fp_closed,,,,,,,,,,,,
121664,10,ip_address,ip_network,ip_interface,summarize_address_range,_collapse_addresses_internal,_prefix_from_ip_string,__eq__,__lt__,__eq__,__lt__,,,
10502,1,addtoken,,,,,,,,,,,,
10442,1,_encode_text,,,,,,,,,,,,
151930,1,closed,,,,,,,,,,,,
10413,2,_process_worker,_queue_management_worker,,,,,,,,,,,
38950,2,c_uint8_ptr,load_pycryptodome_raw_lib,,,,,,,,,,,
121953,1,intranges_from_list,,,,,,,,,,,,
121741,9,_eof_received,_data_received,_loop_reading,_loop_writing,_loop_writing,_loop_reading,def,_loop_self_reading,loop,,,,
125348,1,_disables_array_ufunc,,,,,,,,,,,,
29436,1,_w3c_window,,,,,,,,,,,,
118457,3,end,end_dispatch,request,,,,,,,,,,
119135,2,findCaller,shutdown,,,,,,,,,,,
138866,1,read_multi,,,,,,,,,,,,
118208,5,my_unichr,replace_entity,__call__,handle_meta,get_attribute,,,,,,,,
12318,1,_line_iterator,,,,,,,,,,,,
133270,2,WriteClassBody,_Build_CoClass,,,,,,,,,,,
167104,1,has_extension,,,,,,,,,,,,
18555,1,_save,,,,,,,,,,,,
125523,1,_certifi_where,,,,,,,,,,,,
125610,1,IIDToInterfaceName,,,,,,,,,,,,
125581,1,_merge_pool_kwargs,,,,,,,,,,,,
10369,4,_unregister_wait,_unregister_wait,loop_accept_pipe,_poll,,,,,,,,,
156729,5,register,open,open,_invoke,_find_grail_rc,,,,,,,,
156739,1,_parse_doctype_entity,,,,,,,,,,,,
113739,1,get_snippet,,,,,,,,,,,,
106295,1,intranges_from_list,,,,,,,,,,,,
125562,3,handle,run,assertSequenceEqual,,,,,,,,,,
125422,1,_open,,,,,,,,,,,,
110820,3,inner,_allow_reckless_class_cheks,_proto_hook,,,,,,,,,,
155723,3,inner,_allow_reckless_class_cheks,_proto_hook,,,,,,,,,,
119000,6,_sendfile_use_sendfile,_sendfile_use_send,readinto,write,create_connection,has_dualstack_ipv6,,,,,,,
144797,1,filter_command,,,,,,,,,,,,
13035,1,infinity_polling,,,,,,,,,,,,
133231,6,add_handler,parse_http_list,_safe_gethostbyname,http_error_302,prompt_user_passwd,_proxy_bypass_macosx_sysconf,,,,,,,
105188,3,_stop,ensure_running,main,,,,,,,,,,
106070,2,receive_sms,pexor,,,,,,,,,,,
106252,2,_check_macro_definitions,compile,,,,,,,,,,,
133153,1,__repr__,,,,,,,,,,,,
118218,1,get_data,,,,,,,,,,,,
18460,5,parse_request,handle_one_request,send_head,list_directory,run_cgi,,,,,,,,
125358,1,_lookfor_generate_cache,,,,,,,,,,,,
139357,2,load_library,ndpointer,,,,,,,,,,,
154335,1,increment,,,,,,,,,,,,
118447,3,parse,close,_start,,,,,,,,,,
125309,2,get_swig_modulename,get_f2py_modulename,,,,,,,,,,,
48402,1,long_to_bytes,,,,,,,,,,,,
121803,1,_check_ctypeslib_typecodes,,,,,,,,,,,,
151790,1,cwd,,,,,,,,,,,,
158011,2,__init__,is_package,,,,,,,,,,,
138099,2,_check_macro_definitions,compile,,,,,,,,,,,
48863,3,__init__,get_code,load_module,,,,,,,,,,
183343,1,_parse_doctype_entity,,,,,,,,,,,,
117998,1,def,,,,,,,,,,,,
154286,1,=,,,,,,,,,,,,
117889,1,is_valid,,,,,,,,,,,,
104969,3,__init__,get_code,load_module,,,,,,,,,,
10512,1,__init__,,,,,,,,,,,,
12481,1,_check_ctypeslib_typecodes,,,,,,,,,,,,
121674,11,_select_from,with_suffix,relative_to,exists,is_dir,is_file,is_symlink,is_block_device,is_char_device,is_fifo,is_socket,,
121837,1,Forkbomb,,,,,,,,,,,,
12741,3,__getattribute__,__getattribute__,get_remaining_size,,,,,,,,,,
166720,1,__init__,,,,,,,,,,,,
183266,1,cwd,,,,,,,,,,,,
132835,2,c_uint8_ptr,load_pycryptodome_raw_lib,,,,,,,,,,,
154063,1,_line_iterator,,,,,,,,,,,,
10437,1,readline,,,,,,,,,,,,
10426,2,_check_macro_definitions,compile,,,,,,,,,,,
151746,1,iterfind,,,,,,,,,,,,
120879,1,APP,,,,,,,,,,,,
151486,1,_read_palette,,,,,,,,,,,,
12432,7,write,remove_child_handler,__exit__,add_child_handler,remove_child_handler,_do_waitpid_all,remove_child_handler,,,,,,
183277,10,ip_address,ip_network,ip_interface,summarize_address_range,_collapse_addresses_internal,_prefix_from_ip_string,__eq__,__lt__,__eq__,__lt__,,,
158307,1,_get_matches,,,,,,,,,,,,
10484,6,acquire,_module_repr,__eq__,_find_spec,_handle_fromlist,_setup,,,,,,,
12750,2,_makenames_list,npy_ctypes_check,,,,,,,,,,,
12641,1,replace_header,,,,,,,,,,,,
121826,1,_worker,,,,,,,,,,,,
166923,2,calc_packing,StructureBody,,,,,,,,,,,
10604,1,iterfind,,,,,,,,,,,,
10503,1,make_dfa,,,,,,,,,,,,
12797,1,buildcallback,,,,,,,,,,,,
183243,2,runeval,effective,,,,,,,,,,,
156052,2,process_new_updates,infinity_polling,,,,,,,,,,,
139075,2,calc_packing,StructureBody,,,,,,,,,,,
12735,1,_do_init,,,,,,,,,,,,
180319,2,load_library,ndpointer,,,,,,,,,,,
132560,3,_guess_quote_and_delimiter,_guess_delimiter,has_header,,,,,,,,,,
12867,2,has_ghostscript,_open,,,,,,,,,,,
113361,1,__init__,,,,,,,,,,,,
111324,1,cwd,,,,,,,,,,,,
29437,1,unzip_to_temp_dir,,,,,,,,,,,,
125407,1,read_32,,,,,,,,,,,,
133002,2,findCaller,shutdown,,,,,,,,,,,
157483,1,_ResolveType,,,,,,,,,,,,
118209,1,parse_forms,,,,,,,,,,,,
110914,5,parse_headers,begin,_read_and_discard_trailer,_get_content_length,getresponse,,,,,,,,
111619,1,_put_conn,,,,,,,,,,,,
122045,1,infinity_polling,,,,,,,,,,,,
12348,13,find_function,do_commands,do_break,do_up,do_down,do_until,_getval,do_list,do_longlist,do_source,do_whatis,do_help,main
140319,3,inner,_allow_reckless_class_cheks,_proto_hook,,,,,,,,,,
125522,1,_ok,,,,,,,,,,,,
158449,3,_encode_files,deregister_hook,json,,,,,,,,,,
106366,3,_open,_seek,_get_global_header,,,,,,,,,,
106395,1,decode,,,,,,,,,,,,
10279,10,ip_address,ip_network,ip_interface,summarize_address_range,_collapse_addresses_internal,_prefix_from_ip_string,__eq__,__lt__,__eq__,__lt__,,,
133094,2,get_netrc_auth,parse_header_links,,,,,,,,,,,
155982,2,_setup_name_tables,low_level_keyboard_handler,,,,,,,,,,,
156779,3,_warn_for_string_literal,_get_type_and_quals,_get_struct_union_enum_type,,,,,,,,,,
10368,7,write,remove_child_handler,__exit__,add_child_handler,remove_child_handler,_do_waitpid_all,remove_child_handler,,,,,,
125640,3,parse,close,_start,,,,,,,,,,
110992,3,parse,close,_start,,,,,,,,,,
10269,1,cwd,,,,,,,,,,,,
106385,1,_open,,,,,,,,,,,,
125601,1,is_fp_closed,,,,,,,,,,,,
10329,5,register,open,open,_invoke,_find_grail_rc,,,,,,,,
106376,1,_save,,,,,,,,,,,,
133137,1,intranges_from_list,,,,,,,,,,,,
18544,1,APP,,,,,,,,,,,,
105098,3,cancel,add_done_callback,set_running_or_notify_cancel,,,,,,,,,,
105249,1,make_parser,,,,,,,,,,,,
133230,2,urljoin,parse_qsl,,,,,,,,,,,
157460,7,idna_encode,get_subj_alt_name,recv,recv_into,_send_until_done,close,wrap_socket,,,,,,
122004,1,__init__,,,,,,,,,,,,
157493,1,IsCOMServerException,,,,,,,,,,,,
161969,3,inner,_allow_reckless_class_cheks,_proto_hook,,,,,,,,,,
118308,1,has_c,,,,,,,,,,,,
155815,1,_get_elements_raw,,,,,,,,,,,,
118446,1,iterfind,,,,,,,,,,,,
140725,6,getuserdata,getfriends,getchat,has_payment_methods,spread,main,,,,,,,
121750,3,all_tasks,_all_tasks_compat,def,,,,,,,,,,
125359,1,exists,,,,,,,,,,,,
154274,2,check_module,check_feature,,,,,,,,,,,
118417,1,_iter_decode_generator,,,,,,,,,,,,
151540,2,isInt,loadImageSeries,,,,,,,,,,,
117999,1,def,,,,,,,,,,,,
48862,1,__init__,,,,,,,,,,,,
151762,3,__init__,get_code,load_module,,,,,,,,,,
158010,1,__init__,,,,,,,,,,,,
10542,3,_encode_files,deregister_hook,json,,,,,,,,,,
132851,1,parse,,,,,,,,,,,,
10453,1,decode,,,,,,,,,,,,
138218,1,_get_completions,,,,,,,,,,,,
113382,3,_guess_quote_and_delimiter,_guess_delimiter,has_header,,,,,,,,,,
10513,2,accepter,MakeProxyType,,,,,,,,,,,
104968,1,__init__,,,,,,,,,,,,
12884,2,load,_save,,,,,,,,,,,
121675,13,find_function,do_commands,do_break,do_up,do_down,do_until,_getval,do_list,do_longlist,do_source,do_whatis,do_help,main
121976,2,wait,write,,,,,,,,,,,
106469,1,_merge_pool_kwargs,,,,,,,,,,,,
120688,5,register,open,open,_invoke,_find_grail_rc,,,,,,,,
157138,3,_recv_bytes,PipeClient,_exhaustive_wait,,,,,,,,,,
118423,1,parse_list,,,,,,,,,,,,
166721,2,__init__,is_package,,,,,,,,,,,
106438,1,unicode_is_ascii,,,,,,,,,,,,
158317,1,_encode_text,,,,,,,,,,,,
29413,1,_find_exe_in_registry,,,,,,,,,,,,
154300,1,_open,,,,,,,,,,,,
132684,3,_warn_for_string_literal,_get_type_and_quals,_get_struct_union_enum_type,,,,,,,,,,
112169,5,_get_default_tempdir,_mkstemp_inner,mkdtemp,TemporaryFile,name,,,,,,,,
118953,3,_guess_quote_and_delimiter,_guess_delimiter,has_header,,,,,,,,,,
139391,1,_add_aliases,,,,,,,,,,,,
121894,1,long_to_bytes,,,,,,,,,,,,
132974,5,parse_request,handle_one_request,send_head,list_directory,run_cgi,,,,,,,,
10467,1,_replace_charref,,,,,,,,,,,,
10576,1,_merge_pool_kwargs,,,,,,,,,,,,
10436,2,parse_config_h,expand_makefile_vars,,,,,,,,,,,
154382,3,__init__,get_code,load_module,,,,,,,,,,
154293,2,getcolor,load,,,,,,,,,,,
118973,1,_getoverviewfmt,,,,,,,,,,,,
10447,1,_append_chunk,,,,,,,,,,,,
12542,2,GetCreditCards,GetBookmarks,,,,,,,,,,,
151505,1,=,,,,,,,,,,,,
157398,1,zap_pyfiles,,,,,,,,,,,,
118980,10,with_suffix,relative_to,exists,is_dir,is_file,is_symlink,is_block_device,is_char_device,is_fifo,is_socket,,,
121744,1,run,,,,,,,,,,,,
133748,1,cwd,,,,,,,,,,,,
123581,1,cwd,,,,,,,,,,,,
121816,1,_CreateWrapper,,,,,,,,,,,,
10473,2,alabel,uts46_remap,,,,,,,,,,,
25871,11,GetPerformanceAttributes,memusage,assert_equal,assert_almost_equal,assert_approx_equal,assert_array_compare,compare,decorate_methods,_assert_no_gc_cycles_context,_get_mem_available,wrapper,,
183333,5,register,open,open,_invoke,_find_grail_rc,,,,,,,,
10422,1,framework_find,,,,,,,,,,,,
141859,1,_parse_doctype_entity,,,,,,,,,,,,
111345,10,with_suffix,relative_to,exists,is_dir,is_file,is_symlink,is_block_device,is_char_device,is_fifo,is_socket,,,
10591,2,is_connection_dropped,create_connection,,,,,,,,,,,
12494,1,_CreateWrapper,,,,,,,,,,,,
166764,1,read_windows_registry,,,,,,,,,,,,
170270,1,__init__,,,,,,,,,,,,
125268,2,issctype,issubclass_,,,,,,,,,,,
154314,2,write,get_buf_from_file,,,,,,,,,,,
121630,1,generic_visit,,,,,,,,,,,,
125577,1,_put_conn,,,,,,,,,,,,
125466,2,_is_manylinux_compatible,_linux_platforms,,,,,,,,,,,
139529,4,isfile_strict,path_exists_strict,supports_ipv6,run,,,,,,,,,
144771,3,connect_to_new_process,ensure_running,main,,,,,,,,,,
154769,1,parse_dimensions,,,,,,,,,,,,
105238,1,include,,,,,,,,,,,,
39033,2,alabel,uts46_remap,,,,,,,,,,,
133241,3,decompress,_init_length,read_chunked,,,,,,,,,,
154738,1,_cleanup,,,,,,,,,,,,
167135,2,paste_windows,determine_clipboard,,,,,,,,,,,
125615,5,GetClassForCLSID,EnsureModuleForTypelibInterface,EnsureModule,GetGeneratedInfos,Rebuild,,,,,,,,
143391,1,cwd,,,,,,,,,,,,
155685,10,with_suffix,relative_to,exists,is_dir,is_file,is_symlink,is_block_device,is_char_device,is_fifo,is_socket,,,
133090,2,deregister_hook,json,,,,,,,,,,,
157487,2,WriteClassBody,_Build_CoClass,,,,,,,,,,,
155910,3,find_library,_findLib_gcc,_findSoname_ldconfig,,,,,,,,,,
125512,2,__init__,_try_str,,,,,,,,,,,
125452,1,_open,,,,,,,,,,,,
55249,1,__init__,,,,,,,,,,,,
25399,3,inner,_allow_reckless_class_cheks,_proto_hook,,,,,,,,,,
10309,2,getreply,login,,,,,,,,,,,
145478,5,wrapper,create_connection,_SOCKS5_request,_write_SOCKS5_address,connect_ex,,,,,,,,
24275,2,backend,get,,,,,,,,,,,
106065,3,__init__,get_code,load_module,,,,,,,,,,
10358,3,_wakeup_next,def,def,,,,,,,,,,
145429,1,cwd,,,,,,,,,,,,
156708,2,getreply,login,,,,,,,,,,,
110811,2,_subst_vars,parse_config_h,,,,,,,,,,,
145809,2,_handle_tasks,_handle_results,,,,,,,,,,,
128628,1,_iterencode_dict,,,,,,,,,,,,
106086,3,_guess_quote_and_delimiter,_guess_delimiter,has_header,,,,,,,,,,
24251,2,accepter,MakeProxyType,,,,,,,,,,,
105228,1,run,,,,,,,,,,,,
122034,2,get_netrc_auth,parse_header_links,,,,,,,,,,,
53833,2,__init__,is_package,,,,,,,,,,,
13115,3,parse,close,_start,,,,,,,,,,
110784,11,_select_from,with_suffix,relative_to,exists,is_dir,is_file,is_symlink,is_block_device,is_char_device,is_fifo,is_socket,,
154779,1,lxml_available,,,,,,,,,,,,
118229,1,_replace,,,,,,,,,,,,
18540,1,_open,,,,,,,,,,,,
133162,1,is_fp_closed,,,,,,,,,,,,
110874,1,framework_find,,,,,,,,,,,,
118278,2,_op_msg,_do_batched_insert,,,,,,,,,,,
106372,1,=,,,,,,,,,,,,
10490,1,dump,,,,,,,,,,,,
12484,1,_get_elements_raw,,,,,,,,,,,,
117719,1,_read_gzip_header,,,,,,,,,,,,
10581,7,idna_encode,get_subj_alt_name,recv,recv_into,_send_until_done,close,wrap_socket,,,,,,
12816,2,_wrap_header_guess_version,_filter_header,,,,,,,,,,,
125278,2,_makenames_list,npy_ctypes_check,,,,,,,,,,,
183232,3,__init__,get_code,load_module,,,,,,,,,,
121682,1,_make_device_info_dictionary,,,,,,,,,,,,
10572,1,_put_conn,,,,,,,,,,,,
123556,3,__init__,get_code,load_module,,,,,,,,,,
132830,1,long_to_bytes,,,,,,,,,,,,
151492,2,has_ghostscript,_open,,,,,,,,,,,
48407,2,c_uint8_ptr,load_pycryptodome_raw_lib,,,,,,,,,,,
157108,2,_setup_name_tables,low_level_keyboard_handler,,,,,,,,,,,
118413,1,_retry_on_intr,,,,,,,,,,,,
121806,1,_get_elements_raw,,,,,,,,,,,,
12822,4,load,loadtxt,fromregex,genfromtxt,,,,,,,,,
121754,4,_unregister_wait,_unregister_wait,loop_accept_pipe,_poll,,,,,,,,,
112159,11,_samefile,copyfile,_copyxattr,copystat,_copytree,_rmtree_isdir,_rmtree_islink,_rmtree_isdir,_rmtree_unsafe,_rmtree_safe_fd,rmtree,,
140721,2,__init__,is_package,,,,,,,,,,,
106408,2,isInt,loadImageSeries,,,,,,,,,,,
10457,3,gotonext,getdelimited,getatom,,,,,,,,,,
143978,1,__init__,,,,,,,,,,,,
124242,1,_gnu_get_libc_version,,,,,,,,,,,,
166920,1,_CreateWrapper,,,,,,,,,,,,
121666,1,read_windows_registry,,,,,,,,,,,,
10596,2,ssl_wrap_socket,_is_key_file_encrypted,,,,,,,,,,,
10487,2,_decode_uXXXX,JSONObject,,,,,,,,,,,
12910,1,load_read,,,,,,,,,,,,
154313,1,_save,,,,,,,,,,,,
12753,1,_add_aliases,,,,,,,,,,,,
158066,13,find_function,do_commands,do_break,do_up,do_down,do_until,_getval,do_list,do_longlist,do_source,do_whatis,do_help,main
162119,1,read,,,,,,,,,,,,
3838,1,_open,,,,,,,,,,,,
132635,5,register,open,open,_invoke,_find_grail_rc,,,,,,,,
158037,1,_line_iterator,,,,,,,,,,,,
106489,2,ssl_wrap_socket,_is_key_file_encrypted,,,,,,,,,,,
151990,2,alabel,uts46_remap,,,,,,,,,,,
154267,1,_read_palette,,,,,,,,,,,,
113362,3,__init__,get_code,load_module,,,,,,,,,,
12767,5,terminal_has_colors,__init__,dict_append,_get_hg_revision,is_bootstrapping,,,,,,,,
121951,2,alabel,uts46_remap,,,,,,,,,,,
151413,5,parse_request,handle_one_request,send_head,list_directory,run_cgi,,,,,,,,
132563,1,_line_iterator,,,,,,,,,,,,
132590,11,_select_from,with_suffix,relative_to,exists,is_dir,is_file,is_symlink,is_block_device,is_char_device,is_fifo,is_socket,,
12685,2,findCaller,shutdown,,,,,,,,,,,
12794,1,get_f77flags,,,,,,,,,,,,
111294,1,__init__,,,,,,,,,,,,
183300,1,__import_pywin32_system_module__,,,,,,,,,,,,
137929,2,getevents,__setattr__,,,,,,,,,,,
24110,1,Threader,,,,,,,,,,,,
18563,2,isInt,loadImageSeries,,,,,,,,,,,
110857,3,all_tasks,_all_tasks_compat,def,,,,,,,,,,
133141,1,_put_conn,,,,,,,,,,,,
18532,1,_save,,,,,,,,,,,,
180405,11,GetPerformanceAttributes,memusage,assert_equal,assert_almost_equal,assert_approx_equal,assert_array_compare,compare,decorate_methods,_assert_no_gc_cycles_context,_get_mem_available,wrapper,,
110793,1,compile,,,,,,,,,,,,
106116,10,with_suffix,relative_to,exists,is_dir,is_file,is_symlink,is_block_device,is_char_device,is_fifo,is_socket,,,
125612,1,_ResolveType,,,,,,,,,,,,
125583,3,decompress,_init_length,read_chunked,,,,,,,,,,
138850,3,__init__,_is_pep420_namespace_package,is_package,,,,,,,,,,
125430,1,decode,,,,,,,,,,,,
26070,3,handle,run,assertSequenceEqual,,,,,,,,,,
138910,13,find_function,do_commands,do_break,do_up,do_down,do_until,_getval,do_list,do_longlist,do_source,do_whatis,do_help,main
107009,2,receive_sms,pexor,,,,,,,,,,,
10289,2,walk,_fwalk,,,,,,,,,,,
113449,5,register,open,open,_invoke,_find_grail_rc,,,,,,,,
138951,5,_find_mac,_netstat_getnode,_ipconfig_getnode,_load_system_functions,getnode,,,,,,,,
183759,3,get_kind,isdummyroutine,applyrules,,,,,,,,,,
138900,1,read_windows_registry,,,,,,,,,,,,
18516,3,has_ghostscript,Ghostscript,_open,,,,,,,,,,
158988,2,load_library,ndpointer,,,,,,,,,,,
10299,1,compile,,,,,,,,,,,,
110822,5,register,open,open,_invoke,_find_grail_rc,,,,,,,,
125420,1,_open,,,,,,,,,,,,
157406,1,read_manifest,,,,,,,,,,,,
122062,1,_put_conn,,,,,,,,,,,,
133087,2,remove_cookie_by_name,__contains__,,,,,,,,,,,
110991,1,iterfind,,,,,,,,,,,,
143386,1,_line_iterator,,,,,,,,,,,,
26054,2,_is_manylinux_compatible,_linux_platforms,,,,,,,,,,,
155956,5,parse_request,handle_one_request,send_head,list_directory,run_cgi,,,,,,,,
18522,3,_open,_seek,_get_global_header,,,,,,,,,,
110744,1,generic_visit,,,,,,,,,,,,
125505,2,get_netrc_auth,parse_header_links,,,,,,,,,,,
105179,2,_handle_tasks,_handle_results,,,,,,,,,,,
137939,3,parse,close,_start,,,,,,,,,,
138887,1,cwd,,,,,,,,,,,,
144800,3,handle,run,assertSequenceEqual,,,,,,,,,,
158042,1,cwd,,,,,,,,,,,,
10450,1,replace_header,,,,,,,,,,,,
140504,2,c_uint8_ptr,load_pycryptodome_raw_lib,,,,,,,,,,,
158293,1,request_json_string_with_retry,,,,,,,,,,,,
132611,11,_samefile,copyfile,_copyxattr,copystat,_copytree,_rmtree_isdir,_rmtree_islink,_rmtree_isdir,_rmtree_unsafe,_rmtree_safe_fd,rmtree,,
141779,1,_line_iterator,,,,,,,,,,,,
151761,1,__init__,,,,,,,,,,,,
48622,1,_retry_on_intr,,,,,,,,,,,,
29475,1,_put_conn,,,,,,,,,,,,
154366,3,parse,close,_start,,,,,,,,,,
121850,1,Geolocation,,,,,,,,,,,,
118997,11,_samefile,copyfile,_copyxattr,copystat,_copytree,_rmtree_isdir,_rmtree_islink,_rmtree_isdir,_rmtree_unsafe,_rmtree_safe_fd,rmtree,,
154277,1,_open_subimage,,,,,,,,,,,,
12874,3,_open,_seek,_get_global_header,,,,,,,,,,
48616,1,is_fp_closed,,,,,,,,,,,,
157319,4,isfile_strict,path_exists_strict,supports_ipv6,run,,,,,,,,,
162018,3,find_library,_findLib_gcc,_findSoname_ldconfig,,,,,,,,,,
121685,1,__import_pywin32_system_module__,,,,,,,,,,,,
157208,1,generate_def,,,,,,,,,,,,
10464,1,get,,,,,,,,,,,,
121864,2,GetCreditCards,GetBookmarks,,,,,,,,,,,
10497,8,_detect_future_features,_read_python_source,refactor_file,refactor_string,refactor_stdin,refactor_tree,write_file,refactor_doctest,,,,,
121975,2,_setup_name_tables,low_level_keyboard_handler,,,,,,,,,,,
12652,1,goahead,,,,,,,,,,,,
158345,1,intranges_from_list,,,,,,,,,,,,
38735,2,__init__,is_package,,,,,,,,,,,
48554,3,_encode_files,deregister_hook,json,,,,,,,,,,
12831,1,exists,,,,,,,,,,,,
3578,2,__init__,is_package,,,,,,,,,,,
166910,1,_get_elements_raw,,,,,,,,,,,,
121815,4,find_single_connection_interface,error_printer,error_printer,_find_method,,,,,,,,,
113366,8,__init__,prep,checkmc,securedcheck,writing,save_bad,cpm,save_hits,,,,,
159289,1,_line_iterator,,,,,,,,,,,,
18278,1,cwd,,,,,,,,,,,,
118451,1,external_entity_ref,,,,,,,,,,,,
154290,2,load,_save,,,,,,,,,,,
12401,1,_parse_doctype_entity,,,,,,,,,,,,
154041,2,__init__,is_package,,,,,,,,,,,
10415,3,cancel,add_done_callback,set_running_or_notify_cancel,,,,,,,,,,
158007,7,getuserdata,getfriends,getchat,has_payment_methods,spread,main,decrypt_password,,,,,,
154381,1,__init__,,,,,,,,,,,,
12497,2,calc_packing,StructureBody,,,,,,,,,,,
12805,1,createsubrwrapper,,,,,,,,,,,,
117809,2,size,size,,,,,,,,,,,
132631,3,inner,_allow_reckless_class_cheks,_proto_hook,,,,,,,,,,
48602,7,idna_encode,get_subj_alt_name,recv,recv_into,_send_until_done,close,wrap_socket,,,,,,
125389,1,_read_palette,,,,,,,,,,,,
183330,3,inner,_allow_reckless_class_cheks,_proto_hook,,,,,,,,,,
139759,1,_line_iterator,,,,,,,,,,,,
139588,1,get_version,,,,,,,,,,,,
125587,7,idna_encode,get_subj_alt_name,recv,recv_into,_send_until_done,close,wrap_socket,,,,,,
125616,2,WriteClassBody,_Build_CoClass,,,,,,,,,,,
155686,13,find_function,do_commands,do_break,do_up,do_down,do_until,_getval,do_list,do_longlist,do_source,do_whatis,do_help,main
40991,1,cwd,,,,,,,,,,,,
110894,1,_encode_text,,,,,,,,,,,,
110797,2,_get_main_module_details,run_path,,,,,,,,,,,
110764,1,cwd,,,,,,,,,,,,
119016,3,inner,_allow_reckless_class_cheks,_proto_hook,,,,,,,,,,
26025,3,_download_to,open_url,local_open,,,,,,,,,,
12388,3,inner,_allow_reckless_class_cheks,_proto_hook,,,,,,,,,,
133060,2,token,lex,,,,,,,,,,,
122013,2,paste_windows,determine_clipboard,,,,,,,,,,,
125622,1,IsCOMServerException,,,,,,,,,,,,
110942,2,findCaller,shutdown,,,,,,,,,,,
106095,1,cwd,,,,,,,,,,,,
125511,1,get_version,,,,,,,,,,,,
125451,1,_open,,,,,,,,,,,,
25328,1,_line_iterator,,,,,,,,,,,,
157494,3,_getnextdispid_,_build_typeinfos_,_transform_args_,,,,,,,,,,
145618,4,make_type,ParseModule,parse_typeinfo,generate_module,,,,,,,,,
138930,11,_samefile,copyfile,_copyxattr,copystat,_copytree,_rmtree_isdir,_rmtree_islink,_rmtree_isdir,_rmtree_unsafe,_rmtree_safe_fd,rmtree,,
183988,5,GetClassForCLSID,EnsureModuleForTypelibInterface,EnsureModule,GetGeneratedInfos,Rebuild,,,,,,,,
106371,1,read_32,,,,,,,,,,,,
125424,1,APP,,,,,,,,,,,,
26035,1,zap_pyfiles,,,,,,,,,,,,
152114,2,ssl_wrap_socket,_is_key_file_encrypted,,,,,,,,,,,
160954,1,cwd,,,,,,,,,,,,
29129,3,__init__,get_code,load_module,,,,,,,,,,
106293,2,alabel,uts46_remap,,,,,,,,,,,
125597,2,is_connection_dropped,create_connection,,,,,,,,,,,
139609,2,_safe_path,get_pkg_info_revision,,,,,,,,,,,
139598,1,_ok,,,,,,,,,,,,
157402,2,_safe_path,get_pkg_info_revision,,,,,,,,,,,
125399,1,_open_subimage,,,,,,,,,,,,
183231,1,__init__,,,,,,,,,,,,
125288,1,find_executable,,,,,,,,,,,,
121982,1,has_extension,,,,,,,,,,,,
48612,2,is_connection_dropped,create_connection,,,,,,,,,,,
123555,1,__init__,,,,,,,,,,,,
141749,1,__init__,,,,,,,,,,,,
48570,1,infinity_polling,,,,,,,,,,,,
121971,1,invoke_handlers,,,,,,,,,,,,
29445,10,__call__,__call__,__call__,__call__,__call__,__call__,__call__,__call__,__call__,_find_element,,,
139334,3,_recv_bytes,PipeClient,_exhaustive_wait,,,,,,,,,,
117959,2,dispatch,def,,,,,,,,,,,
140747,1,cwd,,,,,,,,,,,,
118424,1,def,,,,,,,,,,,,
29414,1,_addon_details,,,,,,,,,,,,
25807,3,get_kind,isdummyroutine,applyrules,,,,,,,,,,
132755,2,calc_packing,StructureBody,,,,,,,,,,,
10454,1,_has_surrogates,,,,,,,,,,,,
132644,1,_parse_doctype_entity,,,,,,,,,,,,
118960,1,cwd,,,,,,,,,,,,
154280,3,_open,_seek,_get_global_header,,,,,,,,,,
10514,2,_handle_tasks,_handle_results,,,,,,,,,,,
157378,2,get_version,get_module_constant,,,,,,,,,,,
154273,2,has_ghostscript,_open,,,,,,,,,,,
121706,5,_get_default_tempdir,_mkstemp_inner,mkdtemp,TemporaryFile,name,,,,,,,,
118410,2,ssl_wrap_socket,_is_key_file_encrypted,,,,,,,,,,,
12830,1,_lookfor_generate_cache,,,,,,,,,,,,
159008,2,issctype,issubclass_,,,,,,,,,,,
12861,1,_read_palette,,,,,,,,,,,,
111322,6,command,await_connection,input,request_file,test_connection,connect,,,,,,,
10505,2,compat,generate_tokens,,,,,,,,,,,
154040,1,__init__,,,,,,,,,,,,
10445,2,_parsegen,_parse_headers,,,,,,,,,,,
10414,1,_worker,,,,,,,,,,,,
25412,1,_parse_doctype_entity,,,,,,,,,,,,
10482,1,path,,,,,,,,,,,,
154316,1,load_read,,,,,,,,,,,,
183282,1,_getoverviewfmt,,,,,,,,,,,,
12756,4,_needs_build,single_compile,matcher,CCompiler_get_version,,,,,,,,,
121820,4,make_type,ParseModule,parse_typeinfo,generate_module,,,,,,,,,
117808,2,parse_content_disposition,def,,,,,,,,,,,
179961,1,cwd,,,,,,,,,,,,
48592,1,_put_conn,,,,,,,,,,,,
10471,5,parse_request,handle_one_request,send_head,list_directory,run_cgi,,,,,,,,
48483,2,_setup_name_tables,low_level_keyboard_handler,,,,,,,,,,,
139589,1,__init__,,,,,,,,,,,,
13047,2,urljoin,parse_qsl,,,,,,,,,,,
125524,2,filesys_decode,try_encode,,,,,,,,,,,
111518,2,alabel,uts46_remap,,,,,,,,,,,
106360,2,has_ghostscript,_open,,,,,,,,,,,
48179,10,with_suffix,relative_to,exists,is_dir,is_file,is_symlink,is_block_device,is_char_device,is_fifo,is_socket,,,
156848,1,GetBestInterface,,,,,,,,,,,,
125623,3,_getnextdispid_,_build_typeinfos_,_transform_args_,,,,,,,,,,
125541,1,load_module,,,,,,,,,,,,
151249,1,_check_ctypeslib_typecodes,,,,,,,,,,,,
106354,1,_read_palette,,,,,,,,,,,,
133055,1,p_direct_xxx_declarator_6,,,,,,,,,,,,
155912,1,get_ld_headers,,,,,,,,,,,,
157485,7,__str__,_find_dispatch_type_,_make_method_,__LazyMap__,_LazyAddAttr_,__getattr__,__setattr__,,,,,,
125500,3,_encode_files,deregister_hook,json,,,,,,,,,,
107028,1,_line_iterator,,,,,,,,,,,,
18527,1,read_32,,,,,,,,,,,,
183989,2,WriteClassBody,_Build_CoClass,,,,,,,,,,,
119180,6,add_handler,parse_http_list,_safe_gethostbyname,http_error_302,prompt_user_passwd,_proxy_bypass_macosx_sysconf,,,,,,,
155664,1,cwd,,,,,,,,,,,,
133131,1,feed,,,,,,,,,,,,
110827,3,get_resource_reader,_get_mtime_and_size_of_source,contents,,,,,,,,,,
125534,2,_safe_path,get_pkg_info_revision,,,,,,,,,,,
18542,1,_open,,,,,,,,,,,,
133160,2,is_connection_dropped,create_connection,,,,,,,,,,,
110775,1,read_windows_registry,,,,,,,,,,,,
29128,1,__init__,,,,,,,,,,,,
133193,1,read_manifest,,,,,,,,,,,,
139599,1,_certifi_where,,,,,,,,,,,,
125607,1,_retry_on_intr,,,,,,,,,,,,
12424,10,_read_from_self,def,def,_sock_sendall,_read_ready__get_buffer,_read_ready__data_received,_read_ready__on_eof,write,sendto,_sendto_ready,,,
125058,2,calc_packing,StructureBody,,,,,,,,,,,
110359,1,cwd,,,,,,,,,,,,
25731,2,load_library,ndpointer,,,,,,,,,,,
154217,5,parse_request,handle_one_request,send_head,list_directory,run_cgi,,,,,,,,
12486,5,call_with_this,call_without_this,find_method,find_impl,IDispatch_Invoke,,,,,,,,
118425,3,def,def,def,,,,,,,,,,
183383,3,_warn_for_string_literal,_get_type_and_quals,_get_struct_union_enum_type,,,,,,,,,,
121622,3,__init__,_is_pep420_namespace_package,is_package,,,,,,,,,,
10492,1,leaf_to_root,,,,,,,,,,,,
148309,1,cwd,,,,,,,,,,,,
10544,1,resolve_redirects,,,,,,,,,,,,
120649,1,_process_short_opts,,,,,,,,,,,,
10455,1,decode_b,,,,,,,,,,,,
157239,1,buildcallback,,,,,,,,,,,,
157379,2,__init__,_try_str,,,,,,,,,,,
151457,2,_handle_tasks,_handle_results,,,,,,,,,,,
12871,1,_open_subimage,,,,,,,,,,,,
121804,1,__call__,,,,,,,,,,,,
123593,1,_parse,,,,,,,,,,,,
12820,1,_disables_array_ufunc,,,,,,,,,,,,
139321,2,_setup_name_tables,low_level_keyboard_handler,,,,,,,,,,,
10486,2,import_module,reload,,,,,,,,,,,
118460,2,_normalize_path,_encode_host,,,,,,,,,,,
121636,1,skip,,,,,,,,,,,,
10475,1,intranges_from_list,,,,,,,,,,,,
162118,2,detect_java_comm,read,,,,,,,,,,,
112188,8,_ipaddr_info,run_forever,def,def,def,def,def,def,,,,,
112248,5,parse_request,handle_one_request,send_head,list_directory,run_cgi,,,,,,,,
48596,1,_merge_pool_kwargs,,,,,,,,,,,,
12766,1,generate_def,,,,,,,,,,,,
29435,1,_request,,,,,,,,,,,,
121653,1,cwd,,,,,,,,,,,,
121713,3,inner,_allow_reckless_class_cheks,_proto_hook,,,,,,,,,,
117978,1,libopus_loader,,,,,,,,,,,,
12684,2,wait,write,,,,,,,,,,,
123574,3,_guess_quote_and_delimiter,_guess_delimiter,has_header,,,,,,,,,,
132591,13,find_function,do_commands,do_break,do_up,do_down,do_until,_getval,do_list,do_longlist,do_source,do_whatis,do_help,main
12896,1,APP,,,,,,,,,,,,
113390,1,cwd,,,,,,,,,,,,
111295,3,__init__,get_code,load_module,,,,,,,,,,
12795,3,get_kind,isdummyroutine,applyrules,,,,,,,,,,
10441,1,header_encode_lines,,,,,,,,,,,,
158053,10,ip_address,ip_network,ip_interface,summarize_address_range,_collapse_addresses_internal,_prefix_from_ip_string,__eq__,__lt__,__eq__,__lt__,,,
124899,1,read_windows_registry,,,,,,,,,,,,
110466,1,framework_find,,,,,,,,,,,,
24273,1,parse,,,,,,,,,,,,
118169,1,intranges_from_list,,,,,,,,,,,,
157481,1,IIDToInterfaceName,,,,,,,,,,,,
105168,1,make_dfa,,,,,,,,,,,,
125514,1,_have_cython,,,,,,,,,,,,
110947,2,accepter,MakeProxyType,,,,,,,,,,,
155683,1,_process_short_opts,,,,,,,,,,,,
25358,13,find_function,do_commands,do_break,do_up,do_down,do_until,_getval,do_list,do_longlist,do_source,do_whatis,do_help,main
10288,1,_process_short_opts,,,,,,,,,,,,
142119,5,parse_request,handle_one_request,send_head,list_directory,run_cgi,,,,,,,,
18556,2,write,get_buf_from_file,,,,,,,,,,,
125520,3,_download_to,open_url,local_open,,,,,,,,,,
125530,1,zap_pyfiles,,,,,,,,,,,,
107109,8,_ipaddr_info,run_forever,def,def,def,def,def,def,,,,,
18406,1,long_to_bytes,,,,,,,,,,,,
133135,2,alabel,uts46_remap,,,,,,,,,,,
125603,1,_wrap_ssl_read,,,,,,,,,,,,
106387,1,_open,,,,,,,,,,,,
158628,1,cwd,,,,,,,,,,,,
156839,5,call_with_this,call_without_this,find_method,find_impl,IDispatch_Invoke,,,,,,,,
106107,1,read_windows_registry,,,,,,,,,,,,
145899,6,msvc9_query_vcvarsall,_msvc14_find_vc2015,lookup,find_reg_vs_vers,find_programdata_vs_vers,_guess_vc,,,,,,,
133150,6,get_subj_alt_name,recv,recv_into,_send_until_done,close,wrap_socket,,,,,,,
157491,2,getevents,__setattr__,,,,,,,,,,,
106311,1,run,,,,,,,,,,,,
110906,1,_has_surrogates,,,,,,,,,,,,
105178,2,accepter,MakeProxyType,,,,,,,,,,,
122006,3,__init__,is_set,wait,,,,,,,,,,
29398,1,get_device_with,,,,,,,,,,,,
13036,1,_tearDownAsyncioLoop,,,,,,,,,,,,
154285,1,read_32,,,,,,,,,,,,
124184,2,__init__,get_code,,,,,,,,,,,
10511,3,connect_to_new_process,ensure_running,main,,,,,,,,,,
12505,4,cancel,add_done_callback,result,set_running_or_notify_cancel,,,,,,,,,
158383,2,accepter,MakeProxyType,,,,,,,,,,,
132581,1,read_windows_registry,,,,,,,,,,,,
118934,3,__init__,get_code,load_module,,,,,,,,,,
117968,1,run,,,,,,,,,,,,
121851,1,GetLocationByBSSID,,,,,,,,,,,,
106498,3,parse,close,_start,,,,,,,,,,
166550,8,_ipaddr_info,run_forever,def,def,def,def,def,def,,,,,
157258,2,_wrap_header_guess_version,_filter_header,,,,,,,,,,,
12420,9,_eof_received,_data_received,_loop_reading,_loop_writing,_loop_writing,_loop_reading,def,_loop_self_reading,loop,,,,
10525,1,__init__,,,,,,,,,,,,
132976,2,alabel,uts46_remap,,,,,,,,,,,
157209,5,terminal_has_colors,__init__,dict_append,_get_hg_revision,is_bootstrapping,,,,,,,,
157198,4,_needs_build,single_compile,matcher,CCompiler_get_version,,,,,,,,,
154302,1,APP,,,,,,,,,,,,
120898,2,isInt,loadImageSeries,,,,,,,,,,,
38765,1,cwd,,,,,,,,,,,,
10496,2,next_sibling,__init__,,,,,,,,,,,
38734,1,__init__,,,,,,,,,,,,
183387,1,global_cache,,,,,,,,,,,,
139681,1,_is_key_file_encrypted,,,,,,,,,,,,
118191,8,_detect_future_features,_read_python_source,refactor_file,refactor_string,refactor_stdin,refactor_tree,write_file,refactor_doctest,,,,,
137981,1,cwd,,,,,,,,,,,,
113744,1,update,,,,,,,,,,,,
48127,3,__init__,get_code,load_module,,,,,,,,,,
156847,1,_CreateWrapper,,,,,,,,,,,,
105250,3,end,end_dispatch,request,,,,,,,,,,
105081,3,_wakeup_next,def,def,,,,,,,,,,
161892,2,_format_actions_usage,_parse_known_args,,,,,,,,,,,
105190,1,__init__,,,,,,,,,,,,
137923,7,__str__,_find_dispatch_type_,_make_method_,__LazyMap__,_LazyAddAttr_,__getattr__,__setattr__,,,,,,
145424,1,_line_iterator,,,,,,,,,,,,
183784,1,__getitem__,,,,,,,,,,,,
105046,4,wait,acquire,wait,_bootstrap,,,,,,,,,
156783,1,global_cache,,,,,,,,,,,,
119109,5,parse_request,handle_one_request,send_head,list_directory,run_cgi,,,,,,,,
10283,1,_getoverviewfmt,,,,,,,,,,,,
110869,3,find_library,_findLib_gcc,_findSoname_ldconfig,,,,,,,,,,
12297,1,generic_visit,,,,,,,,,,,,
119018,5,register,open,open,_invoke,_find_grail_rc,,,,,,,,
29315,2,alabel,uts46_remap,,,,,,,,,,,
105157,1,leaf_to_root,,,,,,,,,,,,
10361,5,feed_ssldata,feed_appdata,data_received,_on_handshake_complete,_process_write_backlog,,,,,,,,
145882,3,_encode_files,deregister_hook,json,,,,,,,,,,
122029,3,_encode_files,deregister_hook,json,,,,,,,,,,
145550,1,global_cache,,,,,,,,,,,,
13048,6,add_handler,parse_http_list,_safe_gethostbyname,http_error_302,prompt_user_passwd,_proxy_bypass_macosx_sysconf,,,,,,,
113630,2,accepter,MakeProxyType,,,,,,,,,,,
125618,1,EnumTlbs,,,,,,,,,,,,
139586,2,unpack_archive,_iter_open_tar,,,,,,,,,,,
120870,2,getcolor,load,,,,,,,,,,,
125387,11,GetPerformanceAttributes,memusage,assert_equal,assert_almost_equal,assert_approx_equal,assert_array_compare,compare,decorate_methods,_assert_no_gc_cycles_context,_get_mem_available,wrapper,,
139388,2,_makenames_list,npy_ctypes_check,,,,,,,,,,,
112212,7,write,remove_child_handler,__exit__,add_child_handler,remove_child_handler,_do_waitpid_all,remove_child_handler,,,,,,
160387,1,resolve_redirects,,,,,,,,,,,,
120773,2,_check_macro_definitions,compile,,,,,,,,,,,
157183,3,__getattribute__,__getattribute__,get_remaining_size,,,,,,,,,,
120780,1,copy_file,,,,,,,,,,,,
140499,1,long_to_bytes,,,,,,,,,,,,
117755,2,getreply,login,,,,,,,,,,,
157337,2,token,lex,,,,,,,,,,,
117980,1,augment_from_permissions,,,,,,,,,,,,
117683,1,__init__,,,,,,,,,,,,
132908,4,find_library,_findLib_gcc,_findSoname_ldconfig,_findLib_ld,,,,,,,,,
117792,2,should_close,data_received,,,,,,,,,,,
158118,1,_parse_doctype_entity,,,,,,,,,,,,
144286,1,__repr__,,,,,,,,,,,,
120844,1,_read_palette,,,,,,,,,,,,
120747,1,new,,,,,,,,,,,,
158058,1,_getoverviewfmt,,,,,,,,,,,,
144275,1,_put_conn,,,,,,,,,,,,
117833,8,_ipaddr_info,run_forever,def,def,def,def,def,def,,,,,
112115,1,_deepcopy_tuple,,,,,,,,,,,,
112105,2,runeval,effective,,,,,,,,,,,
121648,1,_line_iterator,,,,,,,,,,,,
117823,1,def,,,,,,,,,,,,
144234,2,get_netrc_auth,parse_header_links,,,,,,,,,,,
125350,4,load,loadtxt,fromregex,genfromtxt,,,,,,,,,
120854,1,_open_subimage,,,,,,,,,,,,
110333,1,__init__,,,,,,,,,,,,
157236,1,get_f77flags,,,,,,,,,,,,
120757,1,long_to_bytes,,,,,,,,,,,,
157376,2,unpack_archive,unpack_tarfile,,,,,,,,,,,
158108,5,register,open,open,_invoke,_find_grail_rc,,,,,,,,
54975,3,__init__,get_code,load_module,,,,,,,,,,
157327,4,wrapper,_get_raw_meminfo,create_time,num_handles,,,,,,,,,
125123,1,check_config_h,,,,,,,,,,,,
120893,1,load_read,,,,,,,,,,,,
157082,5,parse_request,handle_one_request,send_head,list_directory,run_cgi,,,,,,,,
125117,1,wrapper,,,,,,,,,,,,
157342,2,paste_windows,determine_clipboard,,,,,,,,,,,
120623,3,_guess_quote_and_delimiter,_guess_delimiter,has_header,,,,,,,,,,
157202,4,getoutput,_try_call,get_ip,__init__,,,,,,,,,
157193,2,_clip_dep_is_scalar_nan,_clip_dep_invoke_with_casting,,,,,,,,,,,
118286,2,__should_stop,_run,,,,,,,,,,,
10260,1,_deepcopy_tuple,,,,,,,,,,,,
139607,1,zap_pyfiles,,,,,,,,,,,,
139596,3,_download_to,open_url,local_open,,,,,,,,,,
10320,5,_get_default_tempdir,_mkstemp_inner,mkdtemp,TemporaryFile,name,,,,,,,,
137744,1,FormatMessage,,,,,,,,,,,,
128522,3,inner,_allow_reckless_class_cheks,_proto_hook,,,,,,,,,,
156731,1,FormatMessage,,,,,,,,,,,,
139534,5,disk_partitions,net_connections,is_zombie,wrapper,terminal,,,,,,,,
105147,5,parse_request,handle_one_request,send_head,list_directory,run_cgi,,,,,,,,
183613,5,parse_request,handle_one_request,send_head,list_directory,run_cgi,,,,,,,,
118224,1,_str2time,,,,,,,,,,,,
183850,1,p_direct_xxx_declarator_6,,,,,,,,,,,,
10293,1,_get_spec,,,,,,,,,,,,
155828,2,calc_packing,StructureBody,,,,,,,,,,,
133239,1,_merge_pool_kwargs,,,,,,,,,,,,
183897,2,get_config_var,is_manylinux1_compatible,,,,,,,,,,,
111591,2,get_netrc_auth,parse_header_links,,,,,,,,,,,
105211,1,_run,,,,,,,,,,,,
113585,5,parse_headers,begin,_read_and_discard_trailer,_get_content_length,getresponse,,,,,,,,
158497,2,_is_manylinux_compatible,_linux_platforms,,,,,,,,,,,
139930,2,calc_packing,StructureBody,,,,,,,,,,,
10254,3,complete,do_help,columnize,,,,,,,,,,
105240,3,parse,close,_start,,,,,,,,,,
48315,5,call_with_this,call_without_this,find_method,find_impl,IDispatch_Invoke,,,,,,,,
118350,2,get_netrc_auth,parse_header_links,,,,,,,,,,,
151347,4,find_library,_findLib_gcc,_findSoname_ldconfig,_findLib_ld,,,,,,,,,
142136,1,_iterencode_dict,,,,,,,,,,,,
118210,6,isstringlike,get_items,new_control,_find_control,_click,_switch_click,,,,,,,
183747,2,_link,check_type_size,,,,,,,,,,,
23909,1,cwd,,,,,,,,,,,,
142116,5,parse_headers,begin,_read_and_discard_trailer,_get_content_length,getresponse,,,,,,,,
140013,4,find_library,_findLib_gcc,_findSoname_ldconfig,_findLib_ld,,,,,,,,,
113447,3,inner,_allow_reckless_class_cheks,_proto_hook,,,,,,,,,,
19936,3,__init__,get_code,load_module,,,,,,,,,,
145964,7,idna_encode,get_subj_alt_name,recv,recv_into,_send_until_done,close,wrap_socket,,,,,,
118261,3,with_transaction,_finish_transaction_with_retry,_clear_stale,,,,,,,,,,
105102,1,get_ld_headers,,,,,,,,,,,,
10334,3,get_resource_reader,_get_mtime_and_size_of_source,contents,,,,,,,,,,
139582,2,get_netrc_auth,parse_header_links,,,,,,,,,,,
154671,1,to_tree,,,,,,,,,,,,
133188,1,zap_pyfiles,,,,,,,,,,,,
10365,3,all_tasks,_all_tasks_compat,def,,,,,,,,,,
156725,3,inner,_allow_reckless_class_cheks,_proto_hook,,,,,,,,,,
144638,10,with_suffix,relative_to,exists,is_dir,is_file,is_symlink,is_block_device,is_char_device,is_fifo,is_socket,,,
158470,1,__iter__,,,,,,,,,,,,
139514,1,load_module,,,,,,,,,,,,
105027,2,_get_main_module_details,run_path,,,,,,,,,,,
154614,1,lxml_write_cell,,,,,,,,,,,,
152089,1,_put_conn,,,,,,,,,,,,
124515,7,idna_encode,get_subj_alt_name,recv,recv_into,_send_until_done,close,wrap_socket,,,,,,
142240,2,get_netrc_auth,parse_header_links,,,,,,,,,,,
118026,2,af_for_address,is_multicast,,,,,,,,,,,
137927,1,EnumTlbs,,,,,,,,,,,,
183500,1,init_static_locks,,,,,,,,,,,,
10240,1,__init__,,,,,,,,,,,,
154806,3,parse,close,_start,,,,,,,,,,
137976,1,_line_iterator,,,,,,,,,,,,
120603,1,__init__,,,,,,,,,,,,
117796,1,filter_cookies,,,,,,,,,,,,
162123,1,serial_for_url,,,,,,,,,,,,
120652,13,find_function,do_commands,do_break,do_up,do_down,do_until,_getval,do_list,do_longlist,do_source,do_whatis,do_help,main
144002,1,_line_iterator,,,,,,,,,,,,
157273,1,exists,,,,,,,,,,,,
120811,5,parse_request,handle_one_request,send_head,list_directory,run_cgi,,,,,,,,
112111,1,_maybe_compile,,,,,,,,,,,,
160315,5,parse_request,handle_one_request,send_head,list_directory,run_cgi,,,,,,,,
157111,1,leaf_to_root,,,,,,,,,,,,
144271,1,feed,,,,,,,,,,,,
157391,1,_certifi_where,,,,,,,,,,,,
112140,1,_process_short_opts,,,,,,,,,,,,
125344,2,_wrap_header_guess_version,_filter_header,,,,,,,,,,,
157247,1,createsubrwrapper,,,,,,,,,,,,
112096,1,__init__,,,,,,,,,,,,
106487,1,is_fp_closed,,,,,,,,,,,,
125152,1,search_cpp,,,,,,,,,,,,
120637,1,_read_gzip_header,,,,,,,,,,,,
117751,1,read_token,,,,,,,,,,,,
121639,1,_maybe_compile,,,,,,,,,,,,
183289,10,with_suffix,relative_to,exists,is_dir,is_file,is_symlink,is_block_device,is_char_device,is_fifo,is_socket,,,
160261,2,GetCreditCards,GetBookmarks,,,,,,,,,,,
106474,7,idna_encode,get_subj_alt_name,recv,recv_into,_send_until_done,close,wrap_socket,,,,,,
117803,3,parse_headers,feed_eof,feed_data,,,,,,,,,,
117813,1,_read_nowait,,,,,,,,,,,,
112135,1,_parse,,,,,,,,,,,,
10499,1,parse_tokens,,,,,,,,,,,,
173111,2,issctype,issubclass_,,,,,,,,,,,
138221,7,key_tilde,get_editor,vi_pos_back_short,vi_pos_back_long,vi_pos_find_char_forward,vi_pos_find_char_backward,vi_pos_matching,,,,,,
121899,2,c_uint8_ptr,load_pycryptodome_raw_lib,,,,,,,,,,,
112206,1,def,,,,,,,,,,,,
48618,1,_wrap_ssl_read,,,,,,,,,,,,
112257,2,findCaller,shutdown,,,,,,,,,,,
110352,3,_guess_quote_and_delimiter,_guess_delimiter,has_header,,,,,,,,,,
106401,2,write,get_buf_from_file,,,,,,,,,,,
117775,5,register,open,open,_invoke,_find_grail_rc,,,,,,,,
49762,1,cwd,,,,,,,,,,,,
125305,1,build_a_library,,,,,,,,,,,,
141784,1,cwd,,,,,,,,,,,,
12668,1,path,,,,,,,,,,,,
140639,2,get_netrc_auth,parse_header_links,,,,,,,,,,,
144230,2,deregister_hook,json,,,,,,,,,,,
180126,2,calc_packing,StructureBody,,,,,,,,,,,
3600,1,_line_iterator,,,,,,,,,,,,
125127,2,__init__,get_command_class,,,,,,,,,,,
157232,1,run,,,,,,,,,,,,
54732,1,cwd,,,,,,,,,,,,
120850,2,has_ghostscript,_open,,,,,,,,,,,
104965,1,on_release,,,,,,,,,,,,
157372,2,get_netrc_auth,parse_header_links,,,,,,,,,,,
10310,6,_sendfile_use_sendfile,_sendfile_use_send,readinto,write,create_connection,has_dualstack_ipv6,,,,,,,
161886,1,__init__,,,,,,,,,,,,
124886,1,cwd,,,,,,,,,,,,
137966,3,complete,do_help,columnize,,,,,,,,,,
110539,2,accepter,MakeProxyType,,,,,,,,,,,
105244,1,external_entity_ref,,,,,,,,,,,,
55250,3,__init__,get_code,load_module,,,,,,,,,,
10250,2,runeval,effective,,,,,,,,,,,
140184,7,idna_encode,get_subj_alt_name,recv,recv_into,_send_until_done,close,wrap_socket,,,,,,
118176,1,path,,,,,,,,,,,,
118214,1,read,,,,,,,,,,,,
139415,1,exists,,,,,,,,,,,,
151252,1,_get_elements_raw,,,,,,,,,,,,
128526,1,FormatMessage,,,,,,,,,,,,
105221,1,_tearDownAsyncioLoop,,,,,,,,,,,,
106108,1,_parse,,,,,,,,,,,,
128466,1,cwd,,,,,,,,,,,,
156675,1,_getoverviewfmt,,,,,,,,,,,,
10264,1,_line_iterator,,,,,,,,,,,,
133258,1,_is_key_file_encrypted,,,,,,,,,,,,
10324,5,untokenize,compat,read_or_stop,open,_tokenize,,,,,,,,
156624,3,__init__,get_code,load_module,,,,,,,,,,
12392,5,register,open,open,_invoke,_find_grail_rc,,,,,,,,
183706,2,__getattribute__,__getattribute__,,,,,,,,,,,
158454,2,get_netrc_auth,parse_header_links,,,,,,,,,,,
139530,2,super,wrapper,,,,,,,,,,,
154403,1,_line_iterator,,,,,,,,,,,,
183746,2,get_swig_modulename,get_f2py_modulename,,,,,,,,,,,
139521,1,_is_manylinux_compatible,,,,,,,,,,,,
118231,3,_recv_bytes,PipeClient,_exhaustive_wait,,,,,,,,,,
118320,2,readinto,write,,,,,,,,,,,
183717,1,_add_aliases,,,,,,,,,,,,
158505,1,_iterdump,,,,,,,,,,,,
157559,1,cwd,,,,,,,,,,,,
54059,2,paste_windows,determine_clipboard,,,,,,,,,,,
10275,1,_read_gzip_header,,,,,,,,,,,,
55275,1,cwd,,,,,,,,,,,,
139612,1,read_manifest,,,,,,,,,,,,
145887,2,get_netrc_auth,parse_header_links,,,,,,,,,,,
137852,8,_detect_future_features,_read_python_source,refactor_file,refactor_string,refactor_stdin,refactor_tree,write_file,refactor_doctest,,,,,
161924,1,read_windows_registry,,,,,,,,,,,,
124864,1,read_multi,,,,,,,,,,,,
139684,1,_retry_on_intr,,,,,,,,,,,,
118205,1,_normalized_cookie_tuples,,,,,,,,,,,,
158560,1,_ResolveType,,,,,,,,,,,,
145900,3,_download_to,open_url,local_open,,,,,,,,,,
118345,3,_encode_files,deregister_hook,json,,,,,,,,,,
119029,8,_ipaddr_info,run_forever,def,def,def,def,def,def,,,,,
12315,3,_guess_quote_and_delimiter,_guess_delimiter,has_header,,,,,,,,,,
118167,2,alabel,uts46_remap,,,,,,,,,,,
183781,2,_wrap_header_guess_version,_filter_header,,,,,,,,,,,
118027,1,inet_aton,,,,,,,,,,,,
118136,5,charsUntil,getEncoding,getAttribute,parse,lookupEncoding,,,,,,,,
183993,2,getevents,__setattr__,,,,,,,,,,,
142350,2,WriteClassBody,_Build_CoClass,,,,,,,,,,,
10241,2,__init__,is_package,,,,,,,,,,,
138898,10,ip_address,ip_network,ip_interface,summarize_address_range,_collapse_addresses_internal,_prefix_from_ip_string,__eq__,__lt__,__eq__,__lt__,,,
10301,1,main,,,,,,,,,,,,
104974,1,generic_visit,,,,,,,,,,,,
157332,1,p_direct_xxx_declarator_6,,,,,,,,,,,,
112272,2,ensure_running,main,,,,,,,,,,,
157272,1,_lookfor_generate_cache,,,,,,,,,,,,
12739,2,issctype,issubclass_,,,,,,,,,,,
117735,13,find_function,do_commands,do_break,do_up,do_down,do_until,_getval,do_list,do_longlist,do_source,do_whatis,do_help,main
141896,1,make_accessor,,,,,,,,,,,,
112110,2,runsource,interact,,,,,,,,,,,
104987,3,_guess_quote_and_delimiter,_guess_delimiter,has_header,,,,,,,,,,
18273,1,_line_iterator,,,,,,,,,,,,
144270,1,feed,,,,,,,,,,,,
166498,10,with_suffix,relative_to,exists,is_dir,is_file,is_symlink,is_block_device,is_char_device,is_fifo,is_socket,,,
157390,1,_ok,,,,,,,,,,,,
112141,2,walk,_fwalk,,,,,,,,,,,
39827,1,cwd,,,,,,,,,,,,
48598,3,decompress,_init_length,read_chunked,,,,,,,,,,
125293,1,generate_def,,,,,,,,,,,,
112097,3,__init__,get_code,load_module,,,,,,,,,,
120875,1,_open,,,,,,,,,,,,
120935,1,iterfind,,,,,,,,,,,,
10488,1,_iterencode_dict,,,,,,,,,,,,
157124,2,compat,generate_tokens,,,,,,,,,,,
117942,3,find_library,_findLib_gcc,_findSoname_ldconfig,,,,,,,,,,
121729,8,_ipaddr_info,run_forever,def,def,def,def,def,def,,,,,
25509,2,calc_packing,StructureBody,,,,,,,,,,,
10599,1,_retry_on_intr,,,,,,,,,,,,
125270,2,__getattribute__,__getattribute__,,,,,,,,,,,
106465,1,_put_conn,,,,,,,,,,,,
112134,1,read_windows_registry,,,,,,,,,,,,
117952,3,to_dict,start,end,,,,,,,,,,
138002,13,find_function,do_commands,do_break,do_up,do_down,do_until,_getval,do_list,do_longlist,do_source,do_whatis,do_help,main
132688,1,global_cache,,,,,,,,,,,,
120626,1,_line_iterator,,,,,,,,,,,,
138220,1,_readline_from_keyboard,,,,,,,,,,,,
125143,3,_find_vc2015,compile,spawn,,,,,,,,,,
38798,1,_gnu_get_libc_version,,,,,,,,,,,,
132978,1,intranges_from_list,,,,,,,,,,,,
48619,1,_is_key_file_encrypted,,,,,,,,,,,,
117774,5,_find_mac,_netstat_getnode,_ipconfig_getnode,_load_system_functions,getnode,,,,,,,,
106400,1,_save,,,,,,,,,,,,
12778,1,build_a_library,,,,,,,,,,,,
157380,1,_have_cython,,,,,,,,,,,,
157291,1,_deprecate_as_int,,,,,,,,,,,,
144231,1,resolve_redirects,,,,,,,,,,,,
160244,1,Geolocation,,,,,,,,,,,,
117725,1,read_windows_registry,,,,,,,,,,,,
157262,1,_disables_array_ufunc,,,,,,,,,,,,
117696,1,read_multi,,,,,,,,,,,,
120643,1,read_windows_registry,,,,,,,,,,,,
157322,6,net_connections,cpu_freq,is_zombie,wrapper,cmdline,terminal,,,,,,,
120940,1,external_entity_ref,,,,,,,,,,,,
120851,2,check_module,check_feature,,,,,,,,,,,
47542,1,cwd,,,,,,,,,,,,
144293,1,is_fp_closed,,,,,,,,,,,,
18290,1,read_windows_registry,,,,,,,,,,,,
137967,2,runsource,interact,,,,,,,,,,,
29396,1,is_url_connectable,,,,,,,,,,,,
161887,3,__init__,get_code,load_module,,,,,,,,,,
151071,1,_line_iterator,,,,,,,,,,,,
125639,1,iterfind,,,,,,,,,,,,
142311,1,_put_conn,,,,,,,,,,,,
105185,1,_feed,,,,,,,,,,,,
105176,3,connect_to_new_process,ensure_running,main,,,,,,,,,,
155908,2,c_uint8_ptr,load_pycryptodome_raw_lib,,,,,,,,,,,
119179,2,urljoin,parse_qsl,,,,,,,,,,,
145910,1,zap_pyfiles,,,,,,,,,,,,
118215,3,cookiejar,select_form,_filter_links,,,,,,,,,,
48310,1,_check_ctypeslib_typecodes,,,,,,,,,,,,
118304,1,get_primary,,,,,,,,,,,,
105067,8,_ipaddr_info,run_forever,def,def,def,def,def,def,,,,,
172697,1,cwd,,,,,,,,,,,,
145493,3,inner,_allow_reckless_class_cheks,_proto_hook,,,,,,,,,,
139414,1,_lookfor_generate_cache,,,,,,,,,,,,
111536,1,leaf_to_root,,,,,,,,,,,,
156837,1,_get_elements_raw,,,,,,,,,,,,
151154,1,_parse_doctype_entity,,,,,,,,,,,,
12331,1,_read_gzip_header,,,,,,,,,,,,
124530,2,ssl_wrap_socket,_is_key_file_encrypted,,,,,,,,,,,
48157,1,cwd,,,,,,,,,,,,
118003,2,def,def,,,,,,,,,,,
106109,1,_getoverviewfmt,,,,,,,,,,,,
157409,1,load_module,,,,,,,,,,,,
106389,1,APP,,,,,,,,,,,,
10265,2,pretty_flags,findlabels,,,,,,,,,,,
156926,1,long_to_bytes,,,,,,,,,,,,
25346,10,ip_address,ip_network,ip_interface,summarize_address_range,_collapse_addresses_internal,_prefix_from_ip_string,__eq__,__lt__,__eq__,__lt__,,,
105053,5,register,open,open,_invoke,_find_grail_rc,,,,,,,,
139531,3,cpu_count_logical,wrapper,cwd,,,,,,,,,,
107047,1,_parse,,,,,,,,,,,,
145767,2,alabel,uts46_remap,,,,,,,,,,,
161971,5,register,open,open,_invoke,_find_grail_rc,,,,,,,,
105162,8,_detect_future_features,_read_python_source,refactor_file,refactor_string,refactor_stdin,refactor_tree,write_file,refactor_doctest,,,,,
145955,1,_put_conn,,,,,,,,,,,,
183727,1,parse_structure,,,,,,,,,,,,
139400,2,_wrap_header_guess_version,_filter_header,,,,,,,,,,,
183824,11,GetPerformanceAttributes,memusage,assert_equal,assert_almost_equal,assert_approx_equal,assert_array_compare,compare,decorate_methods,_assert_no_gc_cycles_context,_get_mem_available,wrapper,,
139622,1,_is_manylinux_compatible,,,,,,,,,,,,
156846,4,find_single_connection_interface,error_printer,error_printer,_find_method,,,,,,,,,
48126,1,__init__,,,,,,,,,,,,
10305,2,_fileobj_lookup,_key_from_fd,,,,,,,,,,,
154611,1,check_error,,,,,,,,,,,,
124510,1,_merge_pool_kwargs,,,,,,,,,,,,
106129,2,_get_main_module_details,run_path,,,,,,,,,,,
10354,4,def,def,notify,def,,,,,,,,,
183785,1,_disables_array_ufunc,,,,,,,,,,,,
139733,1,__init__,,,,,,,,,,,,
183482,1,parse,,,,,,,,,,,,
10282,1,_parse,,,,,,,,,,,,
111516,5,parse_request,handle_one_request,send_head,list_directory,run_cgi,,,,,,,,
183742,1,build_a_library,,,,,,,,,,,,
154407,1,cwd,,,,,,,,,,,,
118235,2,accepter,MakeProxyType,,,,,,,,,,,
142053,3,find_library,_findLib_gcc,_findSoname_ldconfig,,,,,,,,,,
10360,10,_read_from_self,def,def,_sock_sendall,_read_ready__get_buffer,_read_ready__data_received,_read_ready__on_eof,write,sendto,_sendto_ready,,,
12325,1,cwd,,,,,,,,,,,,
10331,1,FormatMessage,,,,,,,,,,,,
139389,2,_clip_dep_is_scalar_nan,_clip_dep_invoke_with_casting,,,,,,,,,,,
112213,4,_unregister_wait,_unregister_wait,loop_accept_pipe,_poll,,,,,,,,,
39823,1,_line_iterator,,,,,,,,,,,,
125324,1,buildcallback,,,,,,,,,,,,
125264,1,_do_init,,,,,,,,,,,,
144007,1,cwd,,,,,,,,,,,,
117981,1,def,,,,,,,,,,,,
157367,3,_encode_files,deregister_hook,json,,,,,,,,,,
141970,2,calc_packing,StructureBody,,,,,,,,,,,
138162,1,make_dfa,,,,,,,,,,,,
3577,1,__init__,,,,,,,,,,,,
125310,2,_link,check_type_size,,,,,,,,,,,
132568,1,cwd,,,,,,,,,,,,
117962,1,from_dict,,,,,,,,,,,,
157104,1,invoke_handlers,,,,,,,,,,,,
121649,2,pretty_flags,findlabels,,,,,,,,,,,
112155,2,_get_main_module_details,run_path,,,,,,,,,,,
49736,3,__init__,get_code,load_module,,,,,,,,,,
157384,5,msvc9_query_vcvarsall,msvc14_get_vc_env,lookup,find_available_vc_vers,_guess_vc,,,,,,,,
47764,8,_detect_future_features,_read_python_source,refactor_file,refactor_string,refactor_stdin,refactor_tree,write_file,refactor_doctest,,,,,
117873,3,insert,_find_all,_all_strings,,,,,,,,,,
125180,1,goahead,,,,,,,,,,,,
125211,2,_setup_name_tables,low_level_keyboard_handler,,,,,,,,,,,
157237,3,get_kind,isdummyroutine,applyrules,,,,,,,,,,
54974,1,__init__,,,,,,,,,,,,
117692,2,runeval,effective,,,,,,,,,,,
117991,2,def,def,,,,,,,,,,,
157326,9,cpu_count_logical,disk_partitions,wrapper,exe,terminal,cwd,threads,open_files,memory_maps,,,,
112161,6,_sendfile_use_sendfile,_sendfile_use_send,readinto,write,create_connection,has_dualstack_ipv6,,,,,,,
154308,1,decode,,,,,,,,,,,,
157161,2,load_library,ndpointer,,,,,,,,,,,
12719,2,load_library,ndpointer,,,,,,,,,,,
159022,1,_add_aliases,,,,,,,,,,,,
40021,1,external_entity_ref,,,,,,,,,,,,
125287,4,getoutput,_try_call,get_ip,__init__,,,,,,,,,
106492,1,_retry_on_intr,,,,,,,,,,,,
120762,2,c_uint8_ptr,load_pycryptodome_raw_lib,,,,,,,,,,,
157192,2,_makenames_list,npy_ctypes_check,,,,,,,,,,,
157203,1,find_executable,,,,,,,,,,,,
125396,2,check_module,check_feature,,,,,,,,,,,
139606,1,LAMBDA_FUNC_@@,,,,,,,,,,,,
110508,5,parse_request,handle_one_request,send_head,list_directory,run_cgi,,,,,,,,
10261,3,_guess_quote_and_delimiter,_guess_delimiter,has_header,,,,,,,,,,
118287,7,is_ip_address,is_ip_address,is_ip_address,command,_create_connection,_reset,remove_stale_sockets,,,,,,
137654,2,__init__,is_package,,,,,,,,,,,
10321,1,_wrap_chunks,,,,,,,,,,,,
118147,2,append,reconstructActiveFormattingElements,,,,,,,,,,,
158622,1,_line_iterator,,,,,,,,,,,,
10370,1,pipe,,,,,,,,,,,,
13119,1,external_entity_ref,,,,,,,,,,,,
140146,2,get_netrc_auth,parse_header_links,,,,,,,,,,,
139535,1,wait_pid,,,,,,,,,,,,
105006,1,_parse,,,,,,,,,,,,
154697,1,find,,,,,,,,,,,,
29215,5,_find_mac,_netstat_getnode,_ipconfig_getnode,_load_system_functions,getnode,,,,,,,,
183896,3,_download_to,open_url,local_open,,,,,,,,,,
118033,1,xfr,,,,,,,,,,,,
156947,1,parse,,,,,,,,,,,,
10344,8,_ipaddr_info,run_forever,def,def,def,def,def,def,,,,,
105210,2,keycode_context,_run,,,,,,,,,,,
144619,1,cwd,,,,,,,,,,,,
111601,1,filter_command,,,,,,,,,,,,
156916,1,new,,,,,,,,,,,,
133269,5,GetClassForCLSID,EnsureModuleForTypelibInterface,EnsureModule,GetGeneratedInfos,Rebuild,,,,,,,,
157579,10,with_suffix,relative_to,exists,is_dir,is_file,is_symlink,is_block_device,is_char_device,is_fifo,is_socket,,,
183987,7,__str__,_find_dispatch_type_,_make_method_,__LazyMap__,_LazyAddAttr_,__getattr__,__setattr__,,,,,,
10255,2,runsource,interact,,,,,,,,,,,
145617,2,calc_packing,StructureBody,,,,,,,,,,,