ID,Status,Count,,,,,
554,Fail,2,get_metadata_version,get_cmdline_options,,,
774,Fail,2,user_exception,checkline,,,
538,Fail,2,finalize_options,finalize_unix,,,
299,Fail,2,with_name,relative_to,,,
579,Fail,1,_convertTag,,,,
211,Fail,2,call_with_this,call_without_this,,,
439,Fail,1,check_bidi,,,,
587,Fail,4,isgeneratorfunction,iscoroutinefunction,isasyncgenfunction,_signature_is_functionlike,
138,Fail,1,__eq__,,,,
595,Fail,2,_read_object,_write_object,,,
129,Fail,4,isgeneratorfunction,iscoroutinefunction,isasyncgenfunction,_signature_is_functionlike,
85,Fail,2,get_metadata_version,get_cmdline_options,,,
66,Fail,1,ssl_wrap_socket,,,,
410,Fail,2,user_exception,checkline,,,
518,Fail,1,t_ppline_LINE_NUMBER,,,,
315,Fail,1,getElementById,,,,
129,Fail,4,isgeneratorfunction,iscoroutinefunction,isasyncgenfunction,_signature_is_functionlike,
110,Pass,-1,#VALUE!,,,,
600,Fail,2,create_pax_header,main,,,
830,Fail,1,expandvars,,,,
150,Fail,2,create_pax_header,main,,,
655,Fail,1,pretty_flags,,,,
714,Fail,1,gammavariate,,,,
572,Fail,1,_build_declarations,,,,
518,Pass,-1,#VALUE!,,,,
110,Fail,1,run,,,,
695,Fail,2,with_name,relative_to,,,
410,Fail,2,user_exception,checkline,,,
429,Fail,2,normpath,_joinrealpath,,,
129,Fail,4,isgeneratorfunction,iscoroutinefunction,isasyncgenfunction,_signature_is_functionlike,
118,Fail,5,__new__,__new__,__new__,__new__,__new__
714,Fail,1,gammavariate,,,,
572,Fail,1,_build_declarations,,,,
788,Fail,2,normpath,_joinrealpath,,,
143,Fail,2,_read_object,_write_object,,,
655,Fail,1,pretty_flags,,,,
600,Fail,2,create_pax_header,main,,,
150,Fail,2,create_pax_header,main,,,
830,Fail,1,expandvars,,,,
299,Fail,2,with_name,relative_to,,,
538,Fail,2,finalize_options,finalize_unix,,,
774,Fail,2,user_exception,checkline,,,
62,Fail,2,finalize_options,finalize_unix,,,
571,Fail,1,_find_test_path,,,,
138,Fail,1,__eq__,,,,
595,Fail,2,_read_object,_write_object,,,
587,Fail,4,isgeneratorfunction,iscoroutinefunction,isasyncgenfunction,_signature_is_functionlike,
439,Fail,1,check_bidi,,,,
579,Fail,1,_convertTag,,,,
447,Fail,1,source_synopsis,,,,
113,Fail,1,_build_declarations,,,,
587,Fail,4,isgeneratorfunction,iscoroutinefunction,isasyncgenfunction,_signature_is_functionlike,
112,Fail,1,_find_test_path,,,,
184,Fail,1,_check_macro_definitions,,,,
417,Fail,1,_tokenize,,,,
788,Fail,2,normpath,_joinrealpath,,,
143,Fail,2,_read_object,_write_object,,,
150,Fail,2,create_pax_header,main,,,
624,Fail,1,_check_macro_definitions,,,,
600,Fail,2,create_pax_header,main,,,
370,Pass,-1,#VALUE!,,,,
680,Pass,-1,#VALUE!,,,,
231,Fail,1,pretty_flags,,,,
753,Fail,1,__init__,,,,
534,Fail,1,run_cgi,,,,
379,Pass,-1,#VALUE!,,,,
85,Fail,1,get_metadata_version,,,,
574,Fail,5,__new__,__new__,__new__,__new__,__new__
429,Fail,2,normpath,_joinrealpath,,,
780,Fail,1,_tokenize,,,,
129,Fail,4,isgeneratorfunction,iscoroutinefunction,isasyncgenfunction,_signature_is_functionlike,
747,Pass,-1,#VALUE!,,,,
606,Fail,1,__init__,,,,
695,Fail,2,with_name,relative_to,,,
410,Fail,2,user_exception,checkline,,,
801,Fail,1,source_synopsis,,,,
595,Fail,2,_read_object,_write_object,,,
272,Fail,1,_format_actions_usage,,,,
587,Fail,4,isgeneratorfunction,iscoroutinefunction,isasyncgenfunction,_signature_is_functionlike,
211,Fail,2,call_with_this,call_without_this,,,
618,Pass,-1,#VALUE!,,,,
705,Pass,-1,#VALUE!,,,,
796,Fail,1,make_cookies,,,,
774,Fail,2,user_exception,checkline,,,
62,Fail,2,finalize_options,finalize_unix,,,
554,Fail,1,get_metadata_version,,,,
299,Fail,2,with_name,relative_to,,,
129,Fail,4,isgeneratorfunction,iscoroutinefunction,isasyncgenfunction,_signature_is_functionlike,
441,Fail,1,make_cookies,,,,
423,Pass,-1,#VALUE!,,,,
538,Fail,2,finalize_options,finalize_unix,,,
211,Fail,2,call_with_this,call_without_this,,,
272,Fail,1,_format_actions_usage,,,,
587,Fail,4,isgeneratorfunction,iscoroutinefunction,isasyncgenfunction,_signature_is_functionlike,
744,Fail,2,compare,compare,,,
258,Fail,1,_do_collect_type,,,,
587,Fail,4,isgeneratorfunction,iscoroutinefunction,isasyncgenfunction,_signature_is_functionlike,
423,Fail,1,StructureBody,,,,
487,Fail,1,expandvars,,,,
672,Fail,1,_do_collect_type,,,,
326,Fail,1,gammavariate,,,,
62,Fail,2,finalize_options,finalize_unix,,,
796,Fail,1,make_cookies,,,,
554,Fail,2,get_metadata_version,get_cmdline_options,,,
54,Fail,1,run_cgi,,,,
705,Pass,-1,#VALUE!,,,,
231,Fail,1,pretty_flags,,,,
624,Fail,1,_check_macro_definitions,,,,
312,Pass,-1,#VALUE!,,,,
175,Pass,-1,#VALUE!,,,,
28,Fail,1,t_ppline_LINE_NUMBER,,,,
370,Pass,-1,#VALUE!,,,,
380,Fail,1,__init__,,,,
184,Fail,1,_check_macro_definitions,,,,
417,Fail,1,_tokenize,,,,
788,Fail,2,normpath,_joinrealpath,,,
143,Fail,2,_read_object,_write_object,,,
365,Fail,2,compare,compare,,,
695,Fail,2,with_name,relative_to,,,
606,Fail,1,__init__,,,,
129,Fail,4,isgeneratorfunction,iscoroutinefunction,isasyncgenfunction,_signature_is_functionlike,
780,Fail,1,_tokenize,,,,
747,Pass,-1,#VALUE!,,,,
429,Fail,2,normpath,_joinrealpath,,,
85,Fail,2,get_metadata_version,get_cmdline_options,,,
574,Fail,5,__new__,__new__,__new__,__new__,__new__
655,Fail,1,pretty_flags,,,,
830,Fail,1,expandvars,,,,
150,Fail,2,create_pax_header,main,,,
600,Fail,2,create_pax_header,main,,,
714,Fail,1,gammavariate,,,,
572,Fail,1,_build_declarations,,,,
118,Fail,5,__new__,__new__,__new__,__new__,__new__
66,Fail,1,ssl_wrap_socket,,,,
85,Fail,2,get_metadata_version,get_cmdline_options,,,
129,Fail,4,isgeneratorfunction,iscoroutinefunction,isasyncgenfunction,_signature_is_functionlike,
315,Fail,1,getElementById,,,,
110,Fail,1,run,,,,
129,Fail,4,isgeneratorfunction,iscoroutinefunction,isasyncgenfunction,_signature_is_functionlike,
410,Fail,2,user_exception,checkline,,,
112,Fail,1,_find_test_path,,,,
113,Fail,1,_build_declarations,,,,
579,Fail,1,_convertTag,,,,
447,Fail,1,source_synopsis,,,,
595,Fail,2,_read_object,_write_object,,,
211,Fail,2,call_with_this,call_without_this,,,
439,Fail,1,check_bidi,,,,
587,Fail,4,isgeneratorfunction,iscoroutinefunction,isasyncgenfunction,_signature_is_functionlike,
571,Fail,1,_find_test_path,,,,
774,Fail,2,user_exception,checkline,,,
554,Fail,2,get_metadata_version,get_cmdline_options,,,
299,Fail,2,with_name,relative_to,,,
538,Fail,2,finalize_options,finalize_unix,,,
587,Fail,4,isgeneratorfunction,iscoroutinefunction,isasyncgenfunction,_signature_is_functionlike,
595,Fail,2,_read_object,_write_object,,,
138,Fail,1,__eq__,,,,
112,Fail,1,_find_test_path,,,,
113,Fail,1,_build_declarations,,,,
587,Fail,4,isgeneratorfunction,iscoroutinefunction,isasyncgenfunction,_signature_is_functionlike,
447,Fail,1,source_synopsis,,,,
538,Fail,2,finalize_options,finalize_unix,,,
299,Fail,2,with_name,relative_to,,,
774,Fail,2,user_exception,checkline,,,
62,Fail,2,finalize_options,finalize_unix,,,
571,Fail,1,_find_test_path,,,,
118,Fail,5,__new__,__new__,__new__,__new__,__new__
150,Fail,2,create_pax_header,main,,,
600,Fail,2,create_pax_header,main,,,
143,Fail,2,_read_object,_write_object,,,
788,Fail,2,normpath,_joinrealpath,,,
410,Fail,2,user_exception,checkline,,,
695,Fail,2,with_name,relative_to,,,
315,Fail,1,getElementById,,,,
518,Fail,1,t_ppline_LINE_NUMBER,,,,
129,Fail,4,isgeneratorfunction,iscoroutinefunction,isasyncgenfunction,_signature_is_functionlike,
66,Fail,1,ssl_wrap_socket,,,,
429,Fail,2,normpath,_joinrealpath,,,
554,Fail,2,get_metadata_version,get_cmdline_options,,,
796,Fail,1,make_cookies,,,,
774,Fail,2,user_exception,checkline,,,
62,Fail,2,finalize_options,finalize_unix,,,
705,Pass,-1,#VALUE!,,,,
54,Fail,1,run_cgi,,,,
538,Fail,2,finalize_options,finalize_unix,,,
487,Fail,1,expandvars,,,,
441,Fail,1,make_cookies,,,,
423,Pass,-1,#VALUE!,,,,
326,Fail,1,gammavariate,,,,
299,Fail,2,with_name,relative_to,,,
129,Fail,4,isgeneratorfunction,iscoroutinefunction,isasyncgenfunction,_signature_is_functionlike,
672,Fail,1,_do_collect_type,,,,
258,Fail,1,_do_collect_type,,,,
744,Fail,2,compare,compare,,,
618,Pass,-1,#VALUE!,,,,
587,Fail,4,isgeneratorfunction,iscoroutinefunction,isasyncgenfunction,_signature_is_functionlike,
211,Fail,2,call_with_this,call_without_this,,,
595,Fail,2,_read_object,_write_object,,,
747,Pass,-1,#VALUE!,,,,
129,Fail,4,isgeneratorfunction,iscoroutinefunction,isasyncgenfunction,_signature_is_functionlike,
85,Fail,2,get_metadata_version,get_cmdline_options,,,
429,Fail,2,normpath,_joinrealpath,,,
379,Pass,-1,#VALUE!,,,,
410,Fail,2,user_exception,checkline,,,
695,Fail,2,with_name,relative_to,,,
801,Fail,1,source_synopsis,,,,
365,Fail,2,compare,compare,,,
606,Fail,1,__init__,,,,
600,Fail,2,create_pax_header,main,,,
28,Fail,1,t_ppline_LINE_NUMBER,,,,
175,Fail,1,_handle_tasks,,,,
312,Pass,-1,#VALUE!,,,,
680,Fail,1,_format_actions_usage,,,,
150,Fail,2,create_pax_header,main,,,
143,Fail,2,_read_object,_write_object,,,
788,Fail,2,normpath,_joinrealpath,,,
417,Fail,1,_tokenize,,,,
380,Fail,1,__init__,,,,
534,Fail,1,run_cgi,,,,
753,Fail,1,__init__,,,,
801,Fail,1,source_synopsis,,,,
365,Fail,2,compare,compare,,,
695,Fail,2,with_name,relative_to,,,
429,Fail,2,normpath,_joinrealpath,,,
85,Fail,2,get_metadata_version,get_cmdline_options,,,
574,Fail,5,__new__,__new__,__new__,__new__,__new__
379,Pass,-1,#VALUE!,,,,
129,Fail,4,isgeneratorfunction,iscoroutinefunction,isasyncgenfunction,_signature_is_functionlike,
780,Fail,1,_tokenize,,,,
231,Fail,1,pretty_flags,,,,
534,Fail,1,run_cgi,,,,
753,Fail,1,__init__,,,,
143,Fail,2,_read_object,_write_object,,,
788,Fail,2,normpath,_joinrealpath,,,
380,Fail,1,__init__,,,,
184,Fail,1,_check_macro_definitions,,,,
175,Pass,-1,#VALUE!,,,,
28,Pass,-1,#VALUE!,,,,
312,Pass,-1,#VALUE!,,,,
680,Fail,1,_format_actions_usage,,,,
370,Pass,-1,#VALUE!,,,,
624,Fail,1,_check_macro_definitions,,,,
326,Fail,1,gammavariate,,,,
672,Fail,1,_do_collect_type,,,,
487,Fail,1,expandvars,,,,
441,Fail,1,make_cookies,,,,
54,Fail,1,run_cgi,,,,
554,Fail,2,get_metadata_version,get_cmdline_options,,,
62,Fail,2,finalize_options,finalize_unix,,,
618,Fail,1,_handle_tasks,,,,
744,Fail,2,compare,compare,,,
211,Fail,2,call_with_this,call_without_this,,,
587,Fail,4,isgeneratorfunction,iscoroutinefunction,isasyncgenfunction,_signature_is_functionlike,
272,Pass,-1,#VALUE!,,,,
587,Fail,4,isgeneratorfunction,iscoroutinefunction,isasyncgenfunction,_signature_is_functionlike,
258,Fail,1,_do_collect_type,,,,