ID,Status,Count,,,,,,,,,,,,,
220,Fail,2,walk,_fwalk,,,,,,,,,,,
188,Fail,3,_guess_quote_and_delimiter,_guess_delimiter,has_header,,,,,,,,,,
152,Fail,1,main,,,,,,,,,,,,
334,Fail,6,_check_zipfile,read1,__init__,testzip,open,_compile,,,,,,,
78,Fail,6,_check_zipfile,read1,__init__,testzip,open,_compile,,,,,,,
332,Fail,2,_handle_tasks,_handle_results,,,,,,,,,,,
504,Fail,11,source_synopsis,synopsis,importfile,safeimport,docclass,docclass,getpager,locate,showtopic,run,cli,,
159,Fail,1,_feed,,,,,,,,,,,,
444,Fail,1,main,,,,,,,,,,,,
111,Fail,8,_detect_future_features,_read_python_source,refactor_file,refactor_string,refactor_stdin,refactor_tree,write_file,refactor_doctest,,,,,
451,Fail,3,connect_to_new_process,ensure_running,main,,,,,,,,,,
527,Fail,2,walk,_fwalk,,,,,,,,,,,
518,Fail,3,cancel,add_done_callback,set_running_or_notify_cancel,,,,,,,,,,
527,Fail,2,walk,_fwalk,,,,,,,,,,,
286,Fail,1,read_windows_registry,,,,,,,,,,,,
220,Fail,2,walk,_fwalk,,,,,,,,,,,
76,Fail,2,_handle_tasks,_handle_results,,,,,,,,,,,
332,Fail,2,_handle_tasks,_handle_results,,,,,,,,,,,
443,Fail,2,filesend,tokensend,,,,,,,,,,,
264,Fail,2,ssl_wrap_socket,_is_key_file_encrypted,,,,,,,,,,,
389,Fail,4,_get_cached,set_data,_path_hooks,_setup,,,,,,,,,
461,Fail,8,_ipaddr_info,run_forever,def,def,def,def,def,def,,,,,
157,Fail,3,connect_to_new_process,ensure_running,main,,,,,,,,,,
332,Fail,2,_handle_tasks,_handle_results,,,,,,,,,,,
454,Fail,1,_feed,,,,,,,,,,,,
226,Fail,1,_worker,,,,,,,,,,,,
76,Fail,2,_handle_tasks,_handle_results,,,,,,,,,,,
382,Fail,8,_detect_future_features,_read_python_source,refactor_file,refactor_string,refactor_stdin,refactor_tree,write_file,refactor_doctest,,,,,
76,Fail,2,_handle_tasks,_handle_results,,,,,,,,,,,
332,Fail,2,_handle_tasks,_handle_results,,,,,,,,,,,
443,Fail,2,filesend,tokensend,,,,,,,,,,,
278,Fail,7,acquire,acquire,_module_repr,__eq__,_find_spec,_handle_fromlist,_setup,,,,,,
451,Fail,3,connect_to_new_process,ensure_running,main,,,,,,,,,,
196,Fail,7,_str2time,parse_ns_headers,request_port,set_ok_port,deepvalues,add_cookie_header,_normalized_cookie_tuples,,,,,,
83,Fail,2,_syscmd_ver,win32_edition,,,,,,,,,,,
314,Fail,11,_init_read_gz,create_pax_header,_posix_split_name,_create_pax_generic_header,frombuf,_proc_sparse,open,extractall,next,_load,is_tarfile,,
332,Fail,2,_handle_tasks,_handle_results,,,,,,,,,,,
76,Fail,2,_handle_tasks,_handle_results,,,,,,,,,,,
52,Fail,7,getmembers,classify_class_attrs,_finddoc,_check_class,getattr_static,args,apply_defaults,,,,,,
178,Fail,13,find_function,do_commands,do_break,do_up,do_down,do_until,_getval,do_list,do_longlist,do_source,do_whatis,do_help,main
131,Fail,6,getuserdata,getfriends,getchat,has_payment_methods,spread,main,,,,,,,
76,Fail,2,_handle_tasks,_handle_results,,,,,,,,,,,
38,Fail,1,read_windows_registry,,,,,,,,,,,,
165,Fail,8,_ipaddr_info,run_forever,def,def,def,def,def,def,,,,,
302,Fail,7,getmembers,classify_class_attrs,_finddoc,_check_class,getattr_static,args,apply_defaults,,,,,,
220,Fail,2,walk,_fwalk,,,,,,,,,,,
478,Fail,13,find_function,do_commands,do_break,do_up,do_down,do_until,_getval,do_list,do_longlist,do_source,do_whatis,do_help,main
45,Fail,5,feed_ssldata,feed_appdata,data_received,_on_handshake_complete,_process_write_backlog,,,,,,,,
527,Fail,2,walk,_fwalk,,,,,,,,,,,
341,Fail,2,_syscmd_ver,win32_edition,,,,,,,,,,,
32,Fail,7,acquire,acquire,_module_repr,__eq__,_find_spec,_handle_fromlist,_setup,,,,,,
200,Fail,11,source_synopsis,synopsis,importfile,safeimport,docclass,docclass,getpager,locate,showtopic,run,cli,,
500,Fail,7,_str2time,parse_ns_headers,request_port,set_ok_port,deepvalues,add_cookie_header,_normalized_cookie_tuples,,,,,,
114,Fail,4,_get_cached,set_data,_path_hooks,_setup,,,,,,,,,
332,Fail,2,_handle_tasks,_handle_results,,,,,,,,,,,
76,Fail,2,_handle_tasks,_handle_results,,,,,,,,,,,
490,Fail,3,_guess_quote_and_delimiter,_guess_delimiter,has_header,,,,,,,,,,
157,Fail,3,connect_to_new_process,ensure_running,main,,,,,,,,,,
534,Fail,1,_worker,,,,,,,,,,,,
295,Fail,5,feed_ssldata,feed_appdata,data_received,_on_handshake_complete,_process_write_backlog,,,,,,,,
61,Fail,11,_init_read_gz,create_pax_header,_posix_split_name,_create_pax_generic_header,frombuf,_proc_sparse,open,extractall,next,_load,is_tarfile,,
60,Fail,3,_stop,ensure_running,main,,,,,,,,,,
313,Fail,3,_stop,ensure_running,main,,,,,,,,,,
443,Fail,2,filesend,tokensend,,,,,,,,,,,
211,Fail,3,cancel,add_done_callback,set_running_or_notify_cancel,,,,,,,,,,
76,Fail,2,_handle_tasks,_handle_results,,,,,,,,,,,
332,Fail,2,_handle_tasks,_handle_results,,,,,,,,,,,