ID,Status,Count,,,,,,,,,,,,,,,,,,,,,
120826,Fail,3,worker,_handle_tasks,_handle_results,,,,,,,,,,,,,,,,,,
157323,Fail,21,cat,per_cpu_times,cpu_count_logical,get_proc_inodes,get_all_inodes,process_inet,process_unix,sensors_temperatures,sensors_fans,boot_time,pid_exists,wrapper,_read_status_file,_read_smaps_file,exe,terminal,io_counters,get_blocks,cwd,threads,open_files
121808,Fail,8,call_with_this,call_without_this,find_method,find_impl,get,_create_vtbl_type,IDispatch_GetTypeInfo,IDispatch_Invoke,,,,,,,,,,,,,
118040,Fail,13,__init__,__init__,get,__init__,__init__,get,__init__,read_resolv_conf,read_registry,_win32_is_nic_enabled,query,query,_getfqdn,,,,,,,,
118040,Fail,13,__init__,__init__,get,__init__,__init__,get,__init__,read_resolv_conf,read_registry,_win32_is_nic_enabled,query,query,_getfqdn,,,,,,,,
139533,Fail,21,cat,per_cpu_times,cpu_count_logical,get_proc_inodes,get_all_inodes,process_inet,process_unix,sensors_temperatures,sensors_fans,boot_time,pid_exists,wrapper,_read_status_file,_read_smaps_file,exe,terminal,io_counters,get_blocks,cwd,threads,open_files
125604,Fail,1,_is_key_file_encrypted,,,,,,,,,,,,,,,,,,,,
157323,Fail,21,cat,per_cpu_times,cpu_count_logical,get_proc_inodes,get_all_inodes,process_inet,process_unix,sensors_temperatures,sensors_fans,boot_time,pid_exists,wrapper,_read_status_file,_read_smaps_file,exe,terminal,io_counters,get_blocks,cwd,threads,open_files
118040,Fail,9,__init__,get,get,read_resolv_conf,read_registry,_win32_is_nic_enabled,query,query,_getfqdn,,,,,,,,,,,,
125350,Fail,5,__getattribute__,load,loadtxt,fromregex,genfromtxt,,,,,,,,,,,,,,,,
159789,Fail,3,my_unichr,replace_entity,__call__,,,,,,,,,,,,,,,,,,
118040,Fail,13,__init__,__init__,get,__init__,__init__,get,__init__,read_resolv_conf,read_registry,_win32_is_nic_enabled,query,query,_getfqdn,,,,,,,,
10289,Fail,4,_get_exports_list,removedirs,walk,_fwalk,,,,,,,,,,,,,,,,,
112141,Fail,4,_get_exports_list,removedirs,walk,_fwalk,,,,,,,,,,,,,,,,,
125211,Fail,2,_setup_name_tables,low_level_keyboard_handler,,,,,,,,,,,,,,,,,,,
166923,Fail,2,calc_packing,StructureBody,,,,,,,,,,,,,,,,,,,
157323,Fail,21,cat,per_cpu_times,cpu_count_logical,get_proc_inodes,get_all_inodes,process_inet,process_unix,sensors_temperatures,sensors_fans,boot_time,pid_exists,wrapper,_read_status_file,_read_smaps_file,exe,terminal,io_counters,get_blocks,cwd,threads,open_files
12348,Fail,14,find_function,user_exception,do_commands,do_break,checkline,do_up,do_down,do_until,_getval,do_list,do_longlist,do_source,do_whatis,do_help,,,,,,,
118040,Fail,13,__init__,__init__,get,__init__,__init__,get,__init__,read_resolv_conf,read_registry,_win32_is_nic_enabled,query,query,_getfqdn,,,,,,,,
48859,Fail,12,prep,checkmc,secure_check,checkname,optifine,mojang,liquidbounce,skyblock,rproxies,loadcombo,loadproxy,get_announcement,,,,,,,,,
155828,Fail,2,calc_packing,StructureBody,,,,,,,,,,,,,,,,,,,
118040,Fail,13,__init__,__init__,get,__init__,__init__,get,__init__,read_resolv_conf,read_registry,_win32_is_nic_enabled,query,query,_getfqdn,,,,,,,,
139533,Fail,21,cat,per_cpu_times,cpu_count_logical,get_proc_inodes,get_all_inodes,process_inet,process_unix,sensors_temperatures,sensors_fans,boot_time,pid_exists,wrapper,_read_status_file,_read_smaps_file,exe,terminal,io_counters,get_blocks,cwd,threads,open_files
139536,Fail,9,cpu_count_logical,disk_partitions,wrapper,exe,terminal,cwd,threads,open_files,memory_maps,,,,,,,,,,,,
180405,Fail,15,GetPerformanceAttributes,memusage,jiffies,assert_equal,assert_almost_equal,assert_approx_equal,assert_array_compare,compare,decorate_methods,assert_warns,assert_no_warnings,new_func,wrapper,_get_mem_available,wrapper,,,,,,
111615,Fail,9,urlretrieve,add_handler,redirect_request,do_open,parse_http_list,_safe_gethostbyname,http_error_302,prompt_user_passwd,_proxy_bypass_macosx_sysconf,,,,,,,,,,,,
106086,Fail,2,_guess_quote_and_delimiter,has_header,,,,,,,,,,,,,,,,,,,
157323,Fail,21,cat,per_cpu_times,cpu_count_logical,get_proc_inodes,get_all_inodes,process_inet,process_unix,sensors_temperatures,sensors_fans,boot_time,pid_exists,wrapper,_read_status_file,_read_smaps_file,exe,terminal,io_counters,get_blocks,cwd,threads,open_files
157323,Fail,21,cat,per_cpu_times,cpu_count_logical,get_proc_inodes,get_all_inodes,process_inet,process_unix,sensors_temperatures,sensors_fans,boot_time,pid_exists,wrapper,_read_status_file,_read_smaps_file,exe,terminal,io_counters,get_blocks,cwd,threads,open_files
118040,Fail,8,__init__,get,get,read_resolv_conf,read_registry,_win32_is_nic_enabled,query,_getfqdn,,,,,,,,,,,,,
118040,Fail,13,__init__,__init__,get,__init__,__init__,get,__init__,read_resolv_conf,read_registry,_win32_is_nic_enabled,query,query,_getfqdn,,,,,,,,
151457,Fail,3,worker,_handle_tasks,_handle_results,,,,,,,,,,,,,,,,,,
117968,Fail,1,run,,,,,,,,,,,,,,,,,,,,
48859,Fail,12,prep,checkmc,secure_check,checkname,optifine,mojang,liquidbounce,skyblock,rproxies,loadcombo,loadproxy,get_announcement,,,,,,,,,
145809,Fail,3,worker,_handle_tasks,_handle_results,,,,,,,,,,,,,,,,,,
112162,Fail,3,handle_request,collect_children,write,,,,,,,,,,,,,,,,,,
29413,Fail,1,_find_exe_in_registry,,,,,,,,,,,,,,,,,,,,
12505,Fail,10,wait,__repr__,cancel,cancelled,running,done,add_done_callback,result,exception,set_running_or_notify_cancel,,,,,,,,,,,
180126,Fail,2,calc_packing,StructureBody,,,,,,,,,,,,,,,,,,,
157323,Fail,21,cat,per_cpu_times,cpu_count_logical,get_proc_inodes,get_all_inodes,process_inet,process_unix,sensors_temperatures,sensors_fans,boot_time,pid_exists,wrapper,_read_status_file,_read_smaps_file,exe,terminal,io_counters,get_blocks,cwd,threads,open_files
157323,Fail,21,cat,per_cpu_times,cpu_count_logical,get_proc_inodes,get_all_inodes,process_inet,process_unix,sensors_temperatures,sensors_fans,boot_time,pid_exists,wrapper,_read_status_file,_read_smaps_file,exe,terminal,io_counters,get_blocks,cwd,threads,open_files
118040,Fail,13,__init__,__init__,get,__init__,__init__,get,__init__,read_resolv_conf,read_registry,_win32_is_nic_enabled,query,query,_getfqdn,,,,,,,,
138002,Fail,14,find_function,user_exception,do_commands,do_break,checkline,do_up,do_down,do_until,_getval,do_list,do_longlist,do_source,do_whatis,do_help,,,,,,,
118040,Fail,12,__init__,__init__,get,__init__,__init__,get,__init__,read_resolv_conf,read_registry,_win32_is_nic_enabled,query,_getfqdn,,,,,,,,,
118040,Fail,12,__init__,__init__,get,__init__,__init__,get,__init__,read_resolv_conf,read_registry,_win32_is_nic_enabled,query,_getfqdn,,,,,,,,,
157323,Fail,21,cat,per_cpu_times,cpu_count_logical,get_proc_inodes,get_all_inodes,process_inet,process_unix,sensors_temperatures,sensors_fans,boot_time,pid_exists,wrapper,_read_status_file,_read_smaps_file,exe,terminal,io_counters,get_blocks,cwd,threads,open_files
157323,Fail,21,cat,per_cpu_times,cpu_count_logical,get_proc_inodes,get_all_inodes,process_inet,process_unix,sensors_temperatures,sensors_fans,boot_time,pid_exists,wrapper,_read_status_file,_read_smaps_file,exe,terminal,io_counters,get_blocks,cwd,threads,open_files
183787,Fail,5,__getattribute__,load,loadtxt,fromregex,genfromtxt,,,,,,,,,,,,,,,,
132581,Fail,2,read_windows_registry,read_mime_types,,,,,,,,,,,,,,,,,,,
139533,Fail,21,cat,per_cpu_times,cpu_count_logical,get_proc_inodes,get_all_inodes,process_inet,process_unix,sensors_temperatures,sensors_fans,boot_time,pid_exists,wrapper,_read_status_file,_read_smaps_file,exe,terminal,io_counters,get_blocks,cwd,threads,open_files
144771,Fail,3,connect_to_new_process,ensure_running,main,,,,,,,,,,,,,,,,,,
139533,Fail,21,cat,per_cpu_times,cpu_count_logical,get_proc_inodes,get_all_inodes,process_inet,process_unix,sensors_temperatures,sensors_fans,boot_time,pid_exists,wrapper,_read_status_file,_read_smaps_file,exe,terminal,io_counters,get_blocks,cwd,threads,open_files
10514,Fail,3,worker,_handle_tasks,_handle_results,,,,,,,,,,,,,,,,,,
12756,Fail,3,_needs_build,single_compile,CCompiler_get_version,,,,,,,,,,,,,,,,,,
139533,Fail,21,cat,per_cpu_times,cpu_count_logical,get_proc_inodes,get_all_inodes,process_inet,process_unix,sensors_temperatures,sensors_fans,boot_time,pid_exists,wrapper,_read_status_file,_read_smaps_file,exe,terminal,io_counters,get_blocks,cwd,threads,open_files
121666,Fail,2,read_windows_registry,read_mime_types,,,,,,,,,,,,,,,,,,,
139533,Fail,21,cat,per_cpu_times,cpu_count_logical,get_proc_inodes,get_all_inodes,process_inet,process_unix,sensors_temperatures,sensors_fans,boot_time,pid_exists,wrapper,_read_status_file,_read_smaps_file,exe,terminal,io_counters,get_blocks,cwd,threads,open_files
145899,Fail,6,msvc9_query_vcvarsall,_msvc14_find_vc2015,lookup,find_reg_vs_vers,find_programdata_vs_vers,_guess_vc,,,,,,,,,,,,,,,
139533,Fail,21,cat,per_cpu_times,cpu_count_logical,get_proc_inodes,get_all_inodes,process_inet,process_unix,sensors_temperatures,sensors_fans,boot_time,pid_exists,wrapper,_read_status_file,_read_smaps_file,exe,terminal,io_counters,get_blocks,cwd,threads,open_files
156052,Fail,5,process_new_updates,infinity_polling,__threaded_polling,__non_threaded_polling,_notify_command_handlers,,,,,,,,,,,,,,,,
157323,Fail,21,cat,per_cpu_times,cpu_count_logical,get_proc_inodes,get_all_inodes,process_inet,process_unix,sensors_temperatures,sensors_fans,boot_time,pid_exists,wrapper,_read_status_file,_read_smaps_file,exe,terminal,io_counters,get_blocks,cwd,threads,open_files
105179,Fail,3,worker,_handle_tasks,_handle_results,,,,,,,,,,,,,,,,,,
139533,Fail,21,cat,per_cpu_times,cpu_count_logical,get_proc_inodes,get_all_inodes,process_inet,process_unix,sensors_temperatures,sensors_fans,boot_time,pid_exists,wrapper,_read_status_file,_read_smaps_file,exe,terminal,io_counters,get_blocks,cwd,threads,open_files
139468,Fail,2,load,load,,,,,,,,,,,,,,,,,,,
139533,Fail,21,cat,per_cpu_times,cpu_count_logical,get_proc_inodes,get_all_inodes,process_inet,process_unix,sensors_temperatures,sensors_fans,boot_time,pid_exists,wrapper,_read_status_file,_read_smaps_file,exe,terminal,io_counters,get_blocks,cwd,threads,open_files
118040,Fail,9,__init__,get,get,read_resolv_conf,read_registry,_win32_is_nic_enabled,query,query,_getfqdn,,,,,,,,,,,,
29215,Fail,5,_find_mac,_netstat_getnode,_ipconfig_getnode,_load_system_functions,getnode,,,,,,,,,,,,,,,,
48315,Fail,8,call_with_this,call_without_this,find_method,find_impl,get,_create_vtbl_type,IDispatch_GetTypeInfo,IDispatch_Invoke,,,,,,,,,,,,,
113366,Fail,4,__init__,prep,checkmc,securedcheck,,,,,,,,,,,,,,,,,
118287,Fail,7,is_ip_address,is_ip_address,is_ip_address,command,_create_connection,_reset,remove_stale_sockets,,,,,,,,,,,,,,
139533,Fail,21,cat,per_cpu_times,cpu_count_logical,get_proc_inodes,get_all_inodes,process_inet,process_unix,sensors_temperatures,sensors_fans,boot_time,pid_exists,wrapper,_read_status_file,_read_smaps_file,exe,terminal,io_counters,get_blocks,cwd,threads,open_files
117795,Fail,3,_close,def,def,,,,,,,,,,,,,,,,,,
139533,Fail,21,cat,per_cpu_times,cpu_count_logical,get_proc_inodes,get_all_inodes,process_inet,process_unix,sensors_temperatures,sensors_fans,boot_time,pid_exists,wrapper,_read_status_file,_read_smaps_file,exe,terminal,io_counters,get_blocks,cwd,threads,open_files
118040,Fail,13,__init__,__init__,get,__init__,__init__,get,__init__,read_resolv_conf,read_registry,_win32_is_nic_enabled,query,query,_getfqdn,,,,,,,,
12390,Fail,5,_find_mac,_netstat_getnode,_ipconfig_getnode,_load_system_functions,getnode,,,,,,,,,,,,,,,,
106395,Fail,1,decode,,,,,,,,,,,,,,,,,,,,
157301,Fail,15,GetPerformanceAttributes,memusage,jiffies,assert_equal,assert_almost_equal,assert_approx_equal,assert_array_compare,compare,decorate_methods,assert_warns,assert_no_warnings,new_func,wrapper,_get_mem_available,wrapper,,,,,,
157323,Fail,21,cat,per_cpu_times,cpu_count_logical,get_proc_inodes,get_all_inodes,process_inet,process_unix,sensors_temperatures,sensors_fans,boot_time,pid_exists,wrapper,_read_status_file,_read_smaps_file,exe,terminal,io_counters,get_blocks,cwd,threads,open_files
156052,Fail,5,process_new_updates,infinity_polling,__threaded_polling,__non_threaded_polling,_notify_command_handlers,,,,,,,,,,,,,,,,
139533,Fail,21,cat,per_cpu_times,cpu_count_logical,get_proc_inodes,get_all_inodes,process_inet,process_unix,sensors_temperatures,sensors_fans,boot_time,pid_exists,wrapper,_read_status_file,_read_smaps_file,exe,terminal,io_counters,get_blocks,cwd,threads,open_files
173231,Fail,15,GetPerformanceAttributes,memusage,jiffies,assert_equal,assert_almost_equal,assert_approx_equal,assert_array_compare,compare,decorate_methods,assert_warns,assert_no_warnings,new_func,wrapper,_get_mem_available,wrapper,,,,,,
12756,Fail,3,_needs_build,single_compile,CCompiler_get_version,,,,,,,,,,,,,,,,,,
139533,Fail,21,cat,per_cpu_times,cpu_count_logical,get_proc_inodes,get_all_inodes,process_inet,process_unix,sensors_temperatures,sensors_fans,boot_time,pid_exists,wrapper,_read_status_file,_read_smaps_file,exe,terminal,io_counters,get_blocks,cwd,threads,open_files
139533,Fail,21,cat,per_cpu_times,cpu_count_logical,get_proc_inodes,get_all_inodes,process_inet,process_unix,sensors_temperatures,sensors_fans,boot_time,pid_exists,wrapper,_read_status_file,_read_smaps_file,exe,terminal,io_counters,get_blocks,cwd,threads,open_files
125534,Fail,2,_safe_path,get_pkg_info_revision,,,,,,,,,,,,,,,,,,,
139533,Fail,21,cat,per_cpu_times,cpu_count_logical,get_proc_inodes,get_all_inodes,process_inet,process_unix,sensors_temperatures,sensors_fans,boot_time,pid_exists,wrapper,_read_status_file,_read_smaps_file,exe,terminal,io_counters,get_blocks,cwd,threads,open_files
113382,Fail,2,_guess_quote_and_delimiter,has_header,,,,,,,,,,,,,,,,,,,
139533,Fail,21,cat,per_cpu_times,cpu_count_logical,get_proc_inodes,get_all_inodes,process_inet,process_unix,sensors_temperatures,sensors_fans,boot_time,pid_exists,wrapper,_read_status_file,_read_smaps_file,exe,terminal,io_counters,get_blocks,cwd,threads,open_files
10514,Fail,3,worker,_handle_tasks,_handle_results,,,,,,,,,,,,,,,,,,
117725,Fail,2,read_windows_registry,read_mime_types,,,,,,,,,,,,,,,,,,,
139533,Fail,21,cat,per_cpu_times,cpu_count_logical,get_proc_inodes,get_all_inodes,process_inet,process_unix,sensors_temperatures,sensors_fans,boot_time,pid_exists,wrapper,_read_status_file,_read_smaps_file,exe,terminal,io_counters,get_blocks,cwd,threads,open_files
157323,Fail,21,cat,per_cpu_times,cpu_count_logical,get_proc_inodes,get_all_inodes,process_inet,process_unix,sensors_temperatures,sensors_fans,boot_time,pid_exists,wrapper,_read_status_file,_read_smaps_file,exe,terminal,io_counters,get_blocks,cwd,threads,open_files
183787,Fail,5,__getattribute__,load,loadtxt,fromregex,genfromtxt,,,,,,,,,,,,,,,,
139533,Fail,21,cat,per_cpu_times,cpu_count_logical,get_proc_inodes,get_all_inodes,process_inet,process_unix,sensors_temperatures,sensors_fans,boot_time,pid_exists,wrapper,_read_status_file,_read_smaps_file,exe,terminal,io_counters,get_blocks,cwd,threads,open_files
139533,Fail,21,cat,per_cpu_times,cpu_count_logical,get_proc_inodes,get_all_inodes,process_inet,process_unix,sensors_temperatures,sensors_fans,boot_time,pid_exists,wrapper,_read_status_file,_read_smaps_file,exe,terminal,io_counters,get_blocks,cwd,threads,open_files
118040,Fail,13,__init__,__init__,get,__init__,__init__,get,__init__,read_resolv_conf,read_registry,_win32_is_nic_enabled,query,query,_getfqdn,,,,,,,,
139681,Fail,1,_is_key_file_encrypted,,,,,,,,,,,,,,,,,,,,
137703,Fail,14,find_function,user_exception,do_commands,do_break,checkline,do_up,do_down,do_until,_getval,do_list,do_longlist,do_source,do_whatis,do_help,,,,,,,
12390,Fail,5,_find_mac,_netstat_getnode,_ipconfig_getnode,_load_system_functions,getnode,,,,,,,,,,,,,,,,
138951,Fail,5,_find_mac,_netstat_getnode,_ipconfig_getnode,_load_system_functions,getnode,,,,,,,,,,,,,,,,
113366,Fail,4,__init__,prep,checkmc,securedcheck,,,,,,,,,,,,,,,,,
29215,Fail,5,_find_mac,_netstat_getnode,_ipconfig_getnode,_load_system_functions,getnode,,,,,,,,,,,,,,,,
139533,Fail,21,cat,per_cpu_times,cpu_count_logical,get_proc_inodes,get_all_inodes,process_inet,process_unix,sensors_temperatures,sensors_fans,boot_time,pid_exists,wrapper,_read_status_file,_read_smaps_file,exe,terminal,io_counters,get_blocks,cwd,threads,open_files
10415,Fail,10,wait,__repr__,cancel,cancelled,running,done,add_done_callback,result,exception,set_running_or_notify_cancel,,,,,,,,,,,
139533,Fail,21,cat,per_cpu_times,cpu_count_logical,get_proc_inodes,get_all_inodes,process_inet,process_unix,sensors_temperatures,sensors_fans,boot_time,pid_exists,wrapper,_read_status_file,_read_smaps_file,exe,terminal,io_counters,get_blocks,cwd,threads,open_files
118040,Fail,9,__init__,get,get,read_resolv_conf,read_registry,_win32_is_nic_enabled,query,query,_getfqdn,,,,,,,,,,,,
157376,Fail,2,unpack_archive,unpack_tarfile,,,,,,,,,,,,,,,,,,,
10414,Fail,2,_worker,submit,,,,,,,,,,,,,,,,,,,
112288,Fail,3,loadTestsFromModule,loadTestsFromName,_find_test_path,,,,,,,,,,,,,,,,,,
105179,Fail,3,worker,_handle_tasks,_handle_results,,,,,,,,,,,,,,,,,,
157323,Fail,21,cat,per_cpu_times,cpu_count_logical,get_proc_inodes,get_all_inodes,process_inet,process_unix,sensors_temperatures,sensors_fans,boot_time,pid_exists,wrapper,_read_status_file,_read_smaps_file,exe,terminal,io_counters,get_blocks,cwd,threads,open_files
139533,Fail,21,cat,per_cpu_times,cpu_count_logical,get_proc_inodes,get_all_inodes,process_inet,process_unix,sensors_temperatures,sensors_fans,boot_time,pid_exists,wrapper,_read_status_file,_read_smaps_file,exe,terminal,io_counters,get_blocks,cwd,threads,open_files
118040,Fail,13,__init__,__init__,get,__init__,__init__,get,__init__,read_resolv_conf,read_registry,_win32_is_nic_enabled,query,query,_getfqdn,,,,,,,,
139533,Fail,21,cat,per_cpu_times,cpu_count_logical,get_proc_inodes,get_all_inodes,process_inet,process_unix,sensors_temperatures,sensors_fans,boot_time,pid_exists,wrapper,_read_status_file,_read_smaps_file,exe,terminal,io_counters,get_blocks,cwd,threads,open_files
140725,Fail,6,getuserdata,getfriends,getchat,has_payment_methods,spread,main,,,,,,,,,,,,,,,
118040,Fail,13,__init__,__init__,get,__init__,__init__,get,__init__,read_resolv_conf,read_registry,_win32_is_nic_enabled,query,query,_getfqdn,,,,,,,,
157323,Fail,21,cat,per_cpu_times,cpu_count_logical,get_proc_inodes,get_all_inodes,process_inet,process_unix,sensors_temperatures,sensors_fans,boot_time,pid_exists,wrapper,_read_status_file,_read_smaps_file,exe,terminal,io_counters,get_blocks,cwd,threads,open_files
158367,Fail,6,_detect_future_features,_read_python_source,refactor_string,refactor_tree,write_file,refactor_doctest,,,,,,,,,,,,,,,
10289,Fail,4,_get_exports_list,removedirs,walk,_fwalk,,,,,,,,,,,,,,,,,
112141,Fail,4,_get_exports_list,removedirs,walk,_fwalk,,,,,,,,,,,,,,,,,
157323,Fail,21,cat,per_cpu_times,cpu_count_logical,get_proc_inodes,get_all_inodes,process_inet,process_unix,sensors_temperatures,sensors_fans,boot_time,pid_exists,wrapper,_read_status_file,_read_smaps_file,exe,terminal,io_counters,get_blocks,cwd,threads,open_files
118040,Fail,13,__init__,__init__,get,__init__,__init__,get,__init__,read_resolv_conf,read_registry,_win32_is_nic_enabled,query,query,_getfqdn,,,,,,,,
111315,Fail,2,_guess_quote_and_delimiter,has_header,,,,,,,,,,,,,,,,,,,
48859,Fail,12,prep,checkmc,secure_check,checkname,optifine,mojang,liquidbounce,skyblock,rproxies,loadcombo,loadproxy,get_announcement,,,,,,,,,
157323,Fail,21,cat,per_cpu_times,cpu_count_logical,get_proc_inodes,get_all_inodes,process_inet,process_unix,sensors_temperatures,sensors_fans,boot_time,pid_exists,wrapper,_read_status_file,_read_smaps_file,exe,terminal,io_counters,get_blocks,cwd,threads,open_files
110775,Fail,2,read_windows_registry,read_mime_types,,,,,,,,,,,,,,,,,,,
151090,Fail,2,read_windows_registry,read_mime_types,,,,,,,,,,,,,,,,,,,
157323,Fail,21,cat,per_cpu_times,cpu_count_logical,get_proc_inodes,get_all_inodes,process_inet,process_unix,sensors_temperatures,sensors_fans,boot_time,pid_exists,wrapper,_read_status_file,_read_smaps_file,exe,terminal,io_counters,get_blocks,cwd,threads,open_files
118040,Fail,13,__init__,__init__,get,__init__,__init__,get,__init__,read_resolv_conf,read_registry,_win32_is_nic_enabled,query,query,_getfqdn,,,,,,,,
117774,Fail,5,_find_mac,_netstat_getnode,_ipconfig_getnode,_load_system_functions,getnode,,,,,,,,,,,,,,,,
118216,Fail,2,_maybe_reindex_handlers,retrieve,,,,,,,,,,,,,,,,,,,
157323,Fail,21,cat,per_cpu_times,cpu_count_logical,get_proc_inodes,get_all_inodes,process_inet,process_unix,sensors_temperatures,sensors_fans,boot_time,pid_exists,wrapper,_read_status_file,_read_smaps_file,exe,terminal,io_counters,get_blocks,cwd,threads,open_files
125350,Fail,5,__getattribute__,load,loadtxt,fromregex,genfromtxt,,,,,,,,,,,,,,,,
118040,Fail,13,__init__,__init__,get,__init__,__init__,get,__init__,read_resolv_conf,read_registry,_win32_is_nic_enabled,query,query,_getfqdn,,,,,,,,
139533,Fail,21,cat,per_cpu_times,cpu_count_logical,get_proc_inodes,get_all_inodes,process_inet,process_unix,sensors_temperatures,sensors_fans,boot_time,pid_exists,wrapper,_read_status_file,_read_smaps_file,exe,terminal,io_counters,get_blocks,cwd,threads,open_files
118284,Fail,3,_receive_data_on_socket,_receive_data_on_socket,socket_closed,,,,,,,,,,,,,,,,,,
151265,Fail,2,calc_packing,StructureBody,,,,,,,,,,,,,,,,,,,
118040,Fail,13,__init__,__init__,get,__init__,__init__,get,__init__,read_resolv_conf,read_registry,_win32_is_nic_enabled,query,query,_getfqdn,,,,,,,,
118040,Fail,12,__init__,__init__,get,__init__,__init__,get,__init__,read_resolv_conf,read_registry,_win32_is_nic_enabled,query,_getfqdn,,,,,,,,,
118040,Fail,12,__init__,__init__,get,__init__,__init__,get,__init__,read_resolv_conf,read_registry,_win32_is_nic_enabled,query,_getfqdn,,,,,,,,,
157323,Fail,21,cat,per_cpu_times,cpu_count_logical,get_proc_inodes,get_all_inodes,process_inet,process_unix,sensors_temperatures,sensors_fans,boot_time,pid_exists,wrapper,_read_status_file,_read_smaps_file,exe,terminal,io_counters,get_blocks,cwd,threads,open_files
120885,Fail,1,decode,,,,,,,,,,,,,,,,,,,,
157323,Fail,21,cat,per_cpu_times,cpu_count_logical,get_proc_inodes,get_all_inodes,process_inet,process_unix,sensors_temperatures,sensors_fans,boot_time,pid_exists,wrapper,_read_status_file,_read_smaps_file,exe,terminal,io_counters,get_blocks,cwd,threads,open_files
138900,Fail,2,read_windows_registry,read_mime_types,,,,,,,,,,,,,,,,,,,
118040,Fail,13,__init__,__init__,get,__init__,__init__,get,__init__,read_resolv_conf,read_registry,_win32_is_nic_enabled,query,query,_getfqdn,,,,,,,,
105005,Fail,2,read_windows_registry,read_mime_types,,,,,,,,,,,,,,,,,,,
48570,Fail,4,infinity_polling,__threaded_polling,__non_threaded_polling,_notify_command_handlers,,,,,,,,,,,,,,,,,
157323,Fail,21,cat,per_cpu_times,cpu_count_logical,get_proc_inodes,get_all_inodes,process_inet,process_unix,sensors_temperatures,sensors_fans,boot_time,pid_exists,wrapper,_read_status_file,_read_smaps_file,exe,terminal,io_counters,get_blocks,cwd,threads,open_files
157323,Fail,21,cat,per_cpu_times,cpu_count_logical,get_proc_inodes,get_all_inodes,process_inet,process_unix,sensors_temperatures,sensors_fans,boot_time,pid_exists,wrapper,_read_status_file,_read_smaps_file,exe,terminal,io_counters,get_blocks,cwd,threads,open_files
151457,Fail,3,worker,_handle_tasks,_handle_results,,,,,,,,,,,,,,,,,,
156839,Fail,8,call_with_this,call_without_this,find_method,find_impl,get,_create_vtbl_type,IDispatch_GetTypeInfo,IDispatch_Invoke,,,,,,,,,,,,,
48859,Fail,12,prep,checkmc,secure_check,checkname,optifine,mojang,liquidbounce,skyblock,rproxies,loadcombo,loadproxy,get_announcement,,,,,,,,,
145809,Fail,3,worker,_handle_tasks,_handle_results,,,,,,,,,,,,,,,,,,
105097,Fail,2,_worker,submit,,,,,,,,,,,,,,,,,,,
118040,Fail,9,__init__,get,get,read_resolv_conf,read_registry,_win32_is_nic_enabled,query,query,_getfqdn,,,,,,,,,,,,
166764,Fail,2,read_windows_registry,read_mime_types,,,,,,,,,,,,,,,,,,,
183824,Fail,15,GetPerformanceAttributes,memusage,jiffies,assert_equal,assert_almost_equal,assert_approx_equal,assert_array_compare,compare,decorate_methods,assert_warns,assert_no_warnings,new_func,wrapper,_get_mem_available,wrapper,,,,,,
139533,Fail,21,cat,per_cpu_times,cpu_count_logical,get_proc_inodes,get_all_inodes,process_inet,process_unix,sensors_temperatures,sensors_fans,boot_time,pid_exists,wrapper,_read_status_file,_read_smaps_file,exe,terminal,io_counters,get_blocks,cwd,threads,open_files
139533,Fail,21,cat,per_cpu_times,cpu_count_logical,get_proc_inodes,get_all_inodes,process_inet,process_unix,sensors_temperatures,sensors_fans,boot_time,pid_exists,wrapper,_read_status_file,_read_smaps_file,exe,terminal,io_counters,get_blocks,cwd,threads,open_files
118040,Fail,13,__init__,__init__,get,__init__,__init__,get,__init__,read_resolv_conf,read_registry,_win32_is_nic_enabled,query,query,_getfqdn,,,,,,,,
139533,Fail,21,cat,per_cpu_times,cpu_count_logical,get_proc_inodes,get_all_inodes,process_inet,process_unix,sensors_temperatures,sensors_fans,boot_time,pid_exists,wrapper,_read_status_file,_read_smaps_file,exe,terminal,io_counters,get_blocks,cwd,threads,open_files
25509,Fail,2,calc_packing,StructureBody,,,,,,,,,,,,,,,,,,,
157323,Fail,21,cat,per_cpu_times,cpu_count_logical,get_proc_inodes,get_all_inodes,process_inet,process_unix,sensors_temperatures,sensors_fans,boot_time,pid_exists,wrapper,_read_status_file,_read_smaps_file,exe,terminal,io_counters,get_blocks,cwd,threads,open_files
141970,Fail,2,calc_packing,StructureBody,,,,,,,,,,,,,,,,,,,
12390,Fail,5,_find_mac,_netstat_getnode,_ipconfig_getnode,_load_system_functions,getnode,,,,,,,,,,,,,,,,
125518,Fail,6,msvc9_query_vcvarsall,_msvc14_find_vc2015,lookup,find_reg_vs_vers,find_programdata_vs_vers,_guess_vc,,,,,,,,,,,,,,,
121819,Fail,2,calc_packing,StructureBody,,,,,,,,,,,,,,,,,,,
139533,Fail,21,cat,per_cpu_times,cpu_count_logical,get_proc_inodes,get_all_inodes,process_inet,process_unix,sensors_temperatures,sensors_fans,boot_time,pid_exists,wrapper,_read_status_file,_read_smaps_file,exe,terminal,io_counters,get_blocks,cwd,threads,open_files
118040,Fail,13,__init__,__init__,get,__init__,__init__,get,__init__,read_resolv_conf,read_registry,_win32_is_nic_enabled,query,query,_getfqdn,,,,,,,,
139533,Fail,21,cat,per_cpu_times,cpu_count_logical,get_proc_inodes,get_all_inodes,process_inet,process_unix,sensors_temperatures,sensors_fans,boot_time,pid_exists,wrapper,_read_status_file,_read_smaps_file,exe,terminal,io_counters,get_blocks,cwd,threads,open_files
104987,Fail,2,_guess_quote_and_delimiter,has_header,,,,,,,,,,,,,,,,,,,
155686,Fail,14,find_function,user_exception,do_commands,do_break,checkline,do_up,do_down,do_until,_getval,do_list,do_longlist,do_source,do_whatis,do_help,,,,,,,
138951,Fail,5,_find_mac,_netstat_getnode,_ipconfig_getnode,_load_system_functions,getnode,,,,,,,,,,,,,,,,
113366,Fail,4,__init__,prep,checkmc,securedcheck,,,,,,,,,,,,,,,,,
29215,Fail,5,_find_mac,_netstat_getnode,_ipconfig_getnode,_load_system_functions,getnode,,,,,,,,,,,,,,,,
105176,Fail,3,connect_to_new_process,ensure_running,main,,,,,,,,,,,,,,,,,,
139533,Fail,21,cat,per_cpu_times,cpu_count_logical,get_proc_inodes,get_all_inodes,process_inet,process_unix,sensors_temperatures,sensors_fans,boot_time,pid_exists,wrapper,_read_status_file,_read_smaps_file,exe,terminal,io_counters,get_blocks,cwd,threads,open_files
118040,Fail,13,__init__,__init__,get,__init__,__init__,get,__init__,read_resolv_conf,read_registry,_win32_is_nic_enabled,query,query,_getfqdn,,,,,,,,
10261,Fail,2,_guess_quote_and_delimiter,has_header,,,,,,,,,,,,,,,,,,,
110352,Fail,2,_guess_quote_and_delimiter,has_header,,,,,,,,,,,,,,,,,,,
13035,Fail,4,infinity_polling,__threaded_polling,__non_threaded_polling,_notify_command_handlers,,,,,,,,,,,,,,,,,
125058,Fail,2,calc_packing,StructureBody,,,,,,,,,,,,,,,,,,,
139533,Fail,21,cat,per_cpu_times,cpu_count_logical,get_proc_inodes,get_all_inodes,process_inet,process_unix,sensors_temperatures,sensors_fans,boot_time,pid_exists,wrapper,_read_status_file,_read_smaps_file,exe,terminal,io_counters,get_blocks,cwd,threads,open_files
157198,Fail,3,_needs_build,single_compile,CCompiler_get_version,,,,,,,,,,,,,,,,,,
139533,Fail,21,cat,per_cpu_times,cpu_count_logical,get_proc_inodes,get_all_inodes,process_inet,process_unix,sensors_temperatures,sensors_fans,boot_time,pid_exists,wrapper,_read_status_file,_read_smaps_file,exe,terminal,io_counters,get_blocks,cwd,threads,open_files
124530,Fail,2,ssl_wrap_socket,_is_key_file_encrypted,,,,,,,,,,,,,,,,,,,
157323,Fail,21,cat,per_cpu_times,cpu_count_logical,get_proc_inodes,get_all_inodes,process_inet,process_unix,sensors_temperatures,sensors_fans,boot_time,pid_exists,wrapper,_read_status_file,_read_smaps_file,exe,terminal,io_counters,get_blocks,cwd,threads,open_files
183787,Fail,5,__getattribute__,load,loadtxt,fromregex,genfromtxt,,,,,,,,,,,,,,,,
154290,Fail,2,load,load,,,,,,,,,,,,,,,,,,,
121826,Fail,2,_worker,submit,,,,,,,,,,,,,,,,,,,
139930,Fail,2,calc_packing,StructureBody,,,,,,,,,,,,,,,,,,,
118191,Fail,6,_detect_future_features,_read_python_source,refactor_string,refactor_tree,write_file,refactor_doctest,,,,,,,,,,,,,,,
139533,Fail,21,cat,per_cpu_times,cpu_count_logical,get_proc_inodes,get_all_inodes,process_inet,process_unix,sensors_temperatures,sensors_fans,boot_time,pid_exists,wrapper,_read_status_file,_read_smaps_file,exe,terminal,io_counters,get_blocks,cwd,threads,open_files
139533,Fail,21,cat,per_cpu_times,cpu_count_logical,get_proc_inodes,get_all_inodes,process_inet,process_unix,sensors_temperatures,sensors_fans,boot_time,pid_exists,wrapper,_read_status_file,_read_smaps_file,exe,terminal,io_counters,get_blocks,cwd,threads,open_files
105210,Fail,4,keycode_context,get_unicode_to_keycode_map,_run,_create_event_tap,,,,,,,,,,,,,,,,,
157323,Fail,21,cat,per_cpu_times,cpu_count_logical,get_proc_inodes,get_all_inodes,process_inet,process_unix,sensors_temperatures,sensors_fans,boot_time,pid_exists,wrapper,_read_status_file,_read_smaps_file,exe,terminal,io_counters,get_blocks,cwd,threads,open_files
157326,Fail,9,cpu_count_logical,disk_partitions,wrapper,exe,terminal,cwd,threads,open_files,memory_maps,,,,,,,,,,,,
157323,Fail,21,cat,per_cpu_times,cpu_count_logical,get_proc_inodes,get_all_inodes,process_inet,process_unix,sensors_temperatures,sensors_fans,boot_time,pid_exists,wrapper,_read_status_file,_read_smaps_file,exe,terminal,io_counters,get_blocks,cwd,threads,open_files
157323,Fail,21,cat,per_cpu_times,cpu_count_logical,get_proc_inodes,get_all_inodes,process_inet,process_unix,sensors_temperatures,sensors_fans,boot_time,pid_exists,wrapper,_read_status_file,_read_smaps_file,exe,terminal,io_counters,get_blocks,cwd,threads,open_files
110985,Fail,9,urlretrieve,add_handler,redirect_request,do_open,parse_http_list,_safe_gethostbyname,http_error_302,prompt_user_passwd,_proxy_bypass_macosx_sysconf,,,,,,,,,,,,
118258,Fail,1,execute_no_results,,,,,,,,,,,,,,,,,,,,
13048,Fail,9,urlretrieve,add_handler,redirect_request,do_open,parse_http_list,_safe_gethostbyname,http_error_302,prompt_user_passwd,_proxy_bypass_macosx_sysconf,,,,,,,,,,,,
48859,Fail,12,prep,checkmc,secure_check,checkname,optifine,mojang,liquidbounce,skyblock,rproxies,loadcombo,loadproxy,get_announcement,,,,,,,,,
145809,Fail,3,worker,_handle_tasks,_handle_results,,,,,,,,,,,,,,,,,,
118040,Fail,13,__init__,__init__,get,__init__,__init__,get,__init__,read_resolv_conf,read_registry,_win32_is_nic_enabled,query,query,_getfqdn,,,,,,,,
125284,Fail,3,_needs_build,single_compile,CCompiler_get_version,,,,,,,,,,,,,,,,,,
106489,Fail,2,ssl_wrap_socket,_is_key_file_encrypted,,,,,,,,,,,,,,,,,,,
145912,Fail,2,_safe_path,get_pkg_info_revision,,,,,,,,,,,,,,,,,,,
118040,Fail,12,__init__,__init__,get,__init__,__init__,get,__init__,read_resolv_conf,read_registry,_win32_is_nic_enabled,query,_getfqdn,,,,,,,,,
139594,Fail,6,msvc9_query_vcvarsall,_msvc14_find_vc2015,lookup,find_reg_vs_vers,find_programdata_vs_vers,_guess_vc,,,,,,,,,,,,,,,
157323,Fail,21,cat,per_cpu_times,cpu_count_logical,get_proc_inodes,get_all_inodes,process_inet,process_unix,sensors_temperatures,sensors_fans,boot_time,pid_exists,wrapper,_read_status_file,_read_smaps_file,exe,terminal,io_counters,get_blocks,cwd,threads,open_files
106107,Fail,2,read_windows_registry,read_mime_types,,,,,,,,,,,,,,,,,,,
157323,Fail,21,cat,per_cpu_times,cpu_count_logical,get_proc_inodes,get_all_inodes,process_inet,process_unix,sensors_temperatures,sensors_fans,boot_time,pid_exists,wrapper,_read_status_file,_read_smaps_file,exe,terminal,io_counters,get_blocks,cwd,threads,open_files
118040,Fail,13,__init__,__init__,get,__init__,__init__,get,__init__,read_resolv_conf,read_registry,_win32_is_nic_enabled,query,query,_getfqdn,,,,,,,,
125430,Fail,1,decode,,,,,,,,,,,,,,,,,,,,
48859,Fail,12,prep,checkmc,secure_check,checkname,optifine,mojang,liquidbounce,skyblock,rproxies,loadcombo,loadproxy,get_announcement,,,,,,,,,
120867,Fail,2,load,load,,,,,,,,,,,,,,,,,,,
132591,Fail,14,find_function,user_exception,do_commands,do_break,checkline,do_up,do_down,do_until,_getval,do_list,do_longlist,do_source,do_whatis,do_help,,,,,,,
118040,Fail,8,__init__,get,get,read_resolv_conf,read_registry,_win32_is_nic_enabled,query,_getfqdn,,,,,,,,,,,,,
118040,Fail,12,__init__,__init__,get,__init__,__init__,get,__init__,read_resolv_conf,read_registry,_win32_is_nic_enabled,query,_getfqdn,,,,,,,,,
157323,Fail,21,cat,per_cpu_times,cpu_count_logical,get_proc_inodes,get_all_inodes,process_inet,process_unix,sensors_temperatures,sensors_fans,boot_time,pid_exists,wrapper,_read_status_file,_read_smaps_file,exe,terminal,io_counters,get_blocks,cwd,threads,open_files
183720,Fail,3,_needs_build,single_compile,CCompiler_get_version,,,,,,,,,,,,,,,,,,
118040,Fail,13,__init__,__init__,get,__init__,__init__,get,__init__,read_resolv_conf,read_registry,_win32_is_nic_enabled,query,query,_getfqdn,,,,,,,,
138878,Fail,2,_guess_quote_and_delimiter,has_header,,,,,,,,,,,,,,,,,,,
157323,Fail,21,cat,per_cpu_times,cpu_count_logical,get_proc_inodes,get_all_inodes,process_inet,process_unix,sensors_temperatures,sensors_fans,boot_time,pid_exists,wrapper,_read_status_file,_read_smaps_file,exe,terminal,io_counters,get_blocks,cwd,threads,open_files
157323,Fail,21,cat,per_cpu_times,cpu_count_logical,get_proc_inodes,get_all_inodes,process_inet,process_unix,sensors_temperatures,sensors_fans,boot_time,pid_exists,wrapper,_read_status_file,_read_smaps_file,exe,terminal,io_counters,get_blocks,cwd,threads,open_files
125350,Fail,5,__getattribute__,load,loadtxt,fromregex,genfromtxt,,,,,,,,,,,,,,,,
118040,Fail,9,__init__,get,get,read_resolv_conf,read_registry,_win32_is_nic_enabled,query,query,_getfqdn,,,,,,,,,,,,
117774,Fail,5,_find_mac,_netstat_getnode,_ipconfig_getnode,_load_system_functions,getnode,,,,,,,,,,,,,,,,
139533,Fail,21,cat,per_cpu_times,cpu_count_logical,get_proc_inodes,get_all_inodes,process_inet,process_unix,sensors_temperatures,sensors_fans,boot_time,pid_exists,wrapper,_read_status_file,_read_smaps_file,exe,terminal,io_counters,get_blocks,cwd,threads,open_files
118040,Fail,9,__init__,get,get,read_resolv_conf,read_registry,_win32_is_nic_enabled,query,query,_getfqdn,,,,,,,,,,,,
120826,Fail,3,worker,_handle_tasks,_handle_results,,,,,,,,,,,,,,,,,,
10511,Fail,3,connect_to_new_process,ensure_running,main,,,,,,,,,,,,,,,,,,
48619,Fail,1,_is_key_file_encrypted,,,,,,,,,,,,,,,,,,,,
157323,Fail,21,cat,per_cpu_times,cpu_count_logical,get_proc_inodes,get_all_inodes,process_inet,process_unix,sensors_temperatures,sensors_fans,boot_time,pid_exists,wrapper,_read_status_file,_read_smaps_file,exe,terminal,io_counters,get_blocks,cwd,threads,open_files
118040,Fail,13,__init__,__init__,get,__init__,__init__,get,__init__,read_resolv_conf,read_registry,_win32_is_nic_enabled,query,query,_getfqdn,,,,,,,,
139533,Fail,21,cat,per_cpu_times,cpu_count_logical,get_proc_inodes,get_all_inodes,process_inet,process_unix,sensors_temperatures,sensors_fans,boot_time,pid_exists,wrapper,_read_status_file,_read_smaps_file,exe,terminal,io_counters,get_blocks,cwd,threads,open_files
118040,Fail,13,__init__,__init__,get,__init__,__init__,get,__init__,read_resolv_conf,read_registry,_win32_is_nic_enabled,query,query,_getfqdn,,,,,,,,
48859,Fail,12,prep,checkmc,secure_check,checkname,optifine,mojang,liquidbounce,skyblock,rproxies,loadcombo,loadproxy,get_announcement,,,,,,,,,
157323,Fail,21,cat,per_cpu_times,cpu_count_logical,get_proc_inodes,get_all_inodes,process_inet,process_unix,sensors_temperatures,sensors_fans,boot_time,pid_exists,wrapper,_read_status_file,_read_smaps_file,exe,terminal,io_counters,get_blocks,cwd,threads,open_files
118040,Fail,13,__init__,__init__,get,__init__,__init__,get,__init__,read_resolv_conf,read_registry,_win32_is_nic_enabled,query,query,_getfqdn,,,,,,,,
133258,Fail,1,_is_key_file_encrypted,,,,,,,,,,,,,,,,,,,,
48326,Fail,2,calc_packing,StructureBody,,,,,,,,,,,,,,,,,,,
157323,Fail,21,cat,per_cpu_times,cpu_count_logical,get_proc_inodes,get_all_inodes,process_inet,process_unix,sensors_temperatures,sensors_fans,boot_time,pid_exists,wrapper,_read_status_file,_read_smaps_file,exe,terminal,io_counters,get_blocks,cwd,threads,open_files
117735,Fail,14,find_function,user_exception,do_commands,do_break,checkline,do_up,do_down,do_until,_getval,do_list,do_longlist,do_source,do_whatis,do_help,,,,,,,
10293,Fail,3,_get_spec,get_data,get_importer,,,,,,,,,,,,,,,,,,
157323,Fail,21,cat,per_cpu_times,cpu_count_logical,get_proc_inodes,get_all_inodes,process_inet,process_unix,sensors_temperatures,sensors_fans,boot_time,pid_exists,wrapper,_read_status_file,_read_smaps_file,exe,terminal,io_counters,get_blocks,cwd,threads,open_files
139321,Fail,2,_setup_name_tables,low_level_keyboard_handler,,,,,,,,,,,,,,,,,,,
118040,Fail,12,__init__,__init__,get,__init__,__init__,get,__init__,read_resolv_conf,read_registry,_win32_is_nic_enabled,query,_getfqdn,,,,,,,,,
157323,Fail,21,cat,per_cpu_times,cpu_count_logical,get_proc_inodes,get_all_inodes,process_inet,process_unix,sensors_temperatures,sensors_fans,boot_time,pid_exists,wrapper,_read_status_file,_read_smaps_file,exe,terminal,io_counters,get_blocks,cwd,threads,open_files
118040,Fail,12,__init__,__init__,get,__init__,__init__,get,__init__,read_resolv_conf,read_registry,_win32_is_nic_enabled,query,_getfqdn,,,,,,,,,
118040,Fail,13,__init__,__init__,get,__init__,__init__,get,__init__,read_resolv_conf,read_registry,_win32_is_nic_enabled,query,query,_getfqdn,,,,,,,,
157323,Fail,21,cat,per_cpu_times,cpu_count_logical,get_proc_inodes,get_all_inodes,process_inet,process_unix,sensors_temperatures,sensors_fans,boot_time,pid_exists,wrapper,_read_status_file,_read_smaps_file,exe,terminal,io_counters,get_blocks,cwd,threads,open_files
151457,Fail,3,worker,_handle_tasks,_handle_results,,,,,,,,,,,,,,,,,,
48859,Fail,12,prep,checkmc,secure_check,checkname,optifine,mojang,liquidbounce,skyblock,rproxies,loadcombo,loadproxy,get_announcement,,,,,,,,,
139594,Fail,6,msvc9_query_vcvarsall,_msvc14_find_vc2015,lookup,find_reg_vs_vers,find_programdata_vs_vers,_guess_vc,,,,,,,,,,,,,,,
157323,Fail,21,cat,per_cpu_times,cpu_count_logical,get_proc_inodes,get_all_inodes,process_inet,process_unix,sensors_temperatures,sensors_fans,boot_time,pid_exists,wrapper,_read_status_file,_read_smaps_file,exe,terminal,io_counters,get_blocks,cwd,threads,open_files
125284,Fail,3,_needs_build,single_compile,CCompiler_get_version,,,,,,,,,,,,,,,,,,
118040,Fail,9,__init__,get,get,read_resolv_conf,read_registry,_win32_is_nic_enabled,query,query,_getfqdn,,,,,,,,,,,,
157323,Fail,21,cat,per_cpu_times,cpu_count_logical,get_proc_inodes,get_all_inodes,process_inet,process_unix,sensors_temperatures,sensors_fans,boot_time,pid_exists,wrapper,_read_status_file,_read_smaps_file,exe,terminal,io_counters,get_blocks,cwd,threads,open_files
48859,Fail,12,prep,checkmc,secure_check,checkname,optifine,mojang,liquidbounce,skyblock,rproxies,loadcombo,loadproxy,get_announcement,,,,,,,,,
118040,Fail,13,__init__,__init__,get,__init__,__init__,get,__init__,read_resolv_conf,read_registry,_win32_is_nic_enabled,query,query,_getfqdn,,,,,,,,
48859,Fail,12,prep,checkmc,secure_check,checkname,optifine,mojang,liquidbounce,skyblock,rproxies,loadcombo,loadproxy,get_announcement,,,,,,,,,
112298,Fail,9,urlretrieve,add_handler,redirect_request,do_open,parse_http_list,_safe_gethostbyname,http_error_302,prompt_user_passwd,_proxy_bypass_macosx_sysconf,,,,,,,,,,,,
157323,Fail,21,cat,per_cpu_times,cpu_count_logical,get_proc_inodes,get_all_inodes,process_inet,process_unix,sensors_temperatures,sensors_fans,boot_time,pid_exists,wrapper,_read_status_file,_read_smaps_file,exe,terminal,io_counters,get_blocks,cwd,threads,open_files
157323,Fail,21,cat,per_cpu_times,cpu_count_logical,get_proc_inodes,get_all_inodes,process_inet,process_unix,sensors_temperatures,sensors_fans,boot_time,pid_exists,wrapper,_read_status_file,_read_smaps_file,exe,terminal,io_counters,get_blocks,cwd,threads,open_files
12338,Fail,2,read_windows_registry,read_mime_types,,,,,,,,,,,,,,,,,,,
118040,Fail,13,__init__,__init__,get,__init__,__init__,get,__init__,read_resolv_conf,read_registry,_win32_is_nic_enabled,query,query,_getfqdn,,,,,,,,
139533,Fail,21,cat,per_cpu_times,cpu_count_logical,get_proc_inodes,get_all_inodes,process_inet,process_unix,sensors_temperatures,sensors_fans,boot_time,pid_exists,wrapper,_read_status_file,_read_smaps_file,exe,terminal,io_counters,get_blocks,cwd,threads,open_files
10497,Fail,6,_detect_future_features,_read_python_source,refactor_string,refactor_tree,write_file,refactor_doctest,,,,,,,,,,,,,,,
120826,Fail,3,worker,_handle_tasks,_handle_results,,,,,,,,,,,,,,,,,,
125412,Fail,2,load,load,,,,,,,,,,,,,,,,,,,
118040,Fail,13,__init__,__init__,get,__init__,__init__,get,__init__,read_resolv_conf,read_registry,_win32_is_nic_enabled,query,query,_getfqdn,,,,,,,,
122087,Fail,2,ssl_wrap_socket,_is_key_file_encrypted,,,,,,,,,,,,,,,,,,,
157323,Fail,21,cat,per_cpu_times,cpu_count_logical,get_proc_inodes,get_all_inodes,process_inet,process_unix,sensors_temperatures,sensors_fans,boot_time,pid_exists,wrapper,_read_status_file,_read_smaps_file,exe,terminal,io_counters,get_blocks,cwd,threads,open_files
105185,Fail,1,_feed,,,,,,,,,,,,,,,,,,,,
125350,Fail,5,__getattribute__,load,loadtxt,fromregex,genfromtxt,,,,,,,,,,,,,,,,
48859,Fail,12,prep,checkmc,secure_check,checkname,optifine,mojang,liquidbounce,skyblock,rproxies,loadcombo,loadproxy,get_announcement,,,,,,,,,
118040,Fail,9,__init__,get,get,read_resolv_conf,read_registry,_win32_is_nic_enabled,query,query,_getfqdn,,,,,,,,,,,,
117774,Fail,5,_find_mac,_netstat_getnode,_ipconfig_getnode,_load_system_functions,getnode,,,,,,,,,,,,,,,,
139533,Fail,21,cat,per_cpu_times,cpu_count_logical,get_proc_inodes,get_all_inodes,process_inet,process_unix,sensors_temperatures,sensors_fans,boot_time,pid_exists,wrapper,_read_status_file,_read_smaps_file,exe,terminal,io_counters,get_blocks,cwd,threads,open_files
118233,Fail,3,connect_to_new_process,ensure_running,main,,,,,,,,,,,,,,,,,,
139533,Fail,21,cat,per_cpu_times,cpu_count_logical,get_proc_inodes,get_all_inodes,process_inet,process_unix,sensors_temperatures,sensors_fans,boot_time,pid_exists,wrapper,_read_status_file,_read_smaps_file,exe,terminal,io_counters,get_blocks,cwd,threads,open_files
125387,Fail,15,GetPerformanceAttributes,memusage,jiffies,assert_equal,assert_almost_equal,assert_approx_equal,assert_array_compare,compare,decorate_methods,assert_warns,assert_no_warnings,new_func,wrapper,_get_mem_available,wrapper,,,,,,
156672,Fail,2,read_windows_registry,read_mime_types,,,,,,,,,,,,,,,,,,,
29215,Fail,5,_find_mac,_netstat_getnode,_ipconfig_getnode,_load_system_functions,getnode,,,,,,,,,,,,,,,,
138951,Fail,5,_find_mac,_netstat_getnode,_ipconfig_getnode,_load_system_functions,getnode,,,,,,,,,,,,,,,,
113366,Fail,4,__init__,prep,checkmc,securedcheck,,,,,,,,,,,,,,,,,
120870,Fail,2,getcolor,load,,,,,,,,,,,,,,,,,,,
106376,Fail,2,load,load,,,,,,,,,,,,,,,,,,,
139533,Fail,21,cat,per_cpu_times,cpu_count_logical,get_proc_inodes,get_all_inodes,process_inet,process_unix,sensors_temperatures,sensors_fans,boot_time,pid_exists,wrapper,_read_status_file,_read_smaps_file,exe,terminal,io_counters,get_blocks,cwd,threads,open_files
139533,Fail,21,cat,per_cpu_times,cpu_count_logical,get_proc_inodes,get_all_inodes,process_inet,process_unix,sensors_temperatures,sensors_fans,boot_time,pid_exists,wrapper,_read_status_file,_read_smaps_file,exe,terminal,io_counters,get_blocks,cwd,threads,open_files
118040,Fail,13,__init__,__init__,get,__init__,__init__,get,__init__,read_resolv_conf,read_registry,_win32_is_nic_enabled,query,query,_getfqdn,,,,,,,,
157323,Fail,21,cat,per_cpu_times,cpu_count_logical,get_proc_inodes,get_all_inodes,process_inet,process_unix,sensors_temperatures,sensors_fans,boot_time,pid_exists,wrapper,_read_status_file,_read_smaps_file,exe,terminal,io_counters,get_blocks,cwd,threads,open_files
139533,Fail,21,cat,per_cpu_times,cpu_count_logical,get_proc_inodes,get_all_inodes,process_inet,process_unix,sensors_temperatures,sensors_fans,boot_time,pid_exists,wrapper,_read_status_file,_read_smaps_file,exe,terminal,io_counters,get_blocks,cwd,threads,open_files
139533,Fail,21,cat,per_cpu_times,cpu_count_logical,get_proc_inodes,get_all_inodes,process_inet,process_unix,sensors_temperatures,sensors_fans,boot_time,pid_exists,wrapper,_read_status_file,_read_smaps_file,exe,terminal,io_counters,get_blocks,cwd,threads,open_files
118040,Fail,13,__init__,__init__,get,__init__,__init__,get,__init__,read_resolv_conf,read_registry,_win32_is_nic_enabled,query,query,_getfqdn,,,,,,,,
157323,Fail,21,cat,per_cpu_times,cpu_count_logical,get_proc_inodes,get_all_inodes,process_inet,process_unix,sensors_temperatures,sensors_fans,boot_time,pid_exists,wrapper,_read_status_file,_read_smaps_file,exe,terminal,io_counters,get_blocks,cwd,threads,open_files
105179,Fail,3,worker,_handle_tasks,_handle_results,,,,,,,,,,,,,,,,,,
139533,Fail,21,cat,per_cpu_times,cpu_count_logical,get_proc_inodes,get_all_inodes,process_inet,process_unix,sensors_temperatures,sensors_fans,boot_time,pid_exists,wrapper,_read_status_file,_read_smaps_file,exe,terminal,io_counters,get_blocks,cwd,threads,open_files
118040,Fail,13,__init__,__init__,get,__init__,__init__,get,__init__,read_resolv_conf,read_registry,_win32_is_nic_enabled,query,query,_getfqdn,,,,,,,,
105015,Fail,14,find_function,user_exception,do_commands,do_break,checkline,do_up,do_down,do_until,_getval,do_list,do_longlist,do_source,do_whatis,do_help,,,,,,,
139609,Fail,2,_safe_path,get_pkg_info_revision,,,,,,,,,,,,,,,,,,,
139533,Fail,21,cat,per_cpu_times,cpu_count_logical,get_proc_inodes,get_all_inodes,process_inet,process_unix,sensors_temperatures,sensors_fans,boot_time,pid_exists,wrapper,_read_status_file,_read_smaps_file,exe,terminal,io_counters,get_blocks,cwd,threads,open_files
18290,Fail,2,read_windows_registry,read_mime_types,,,,,,,,,,,,,,,,,,,
139533,Fail,21,cat,per_cpu_times,cpu_count_logical,get_proc_inodes,get_all_inodes,process_inet,process_unix,sensors_temperatures,sensors_fans,boot_time,pid_exists,wrapper,_read_status_file,_read_smaps_file,exe,terminal,io_counters,get_blocks,cwd,threads,open_files
105210,Fail,4,keycode_context,get_unicode_to_keycode_map,_run,_create_event_tap,,,,,,,,,,,,,,,,,
154079,Fail,2,read_windows_registry,read_mime_types,,,,,,,,,,,,,,,,,,,
157323,Fail,21,cat,per_cpu_times,cpu_count_logical,get_proc_inodes,get_all_inodes,process_inet,process_unix,sensors_temperatures,sensors_fans,boot_time,pid_exists,wrapper,_read_status_file,_read_smaps_file,exe,terminal,io_counters,get_blocks,cwd,threads,open_files
25358,Fail,14,find_function,user_exception,do_commands,do_break,checkline,do_up,do_down,do_until,_getval,do_list,do_longlist,do_source,do_whatis,do_help,,,,,,,
157198,Fail,3,_needs_build,single_compile,CCompiler_get_version,,,,,,,,,,,,,,,,,,
139533,Fail,21,cat,per_cpu_times,cpu_count_logical,get_proc_inodes,get_all_inodes,process_inet,process_unix,sensors_temperatures,sensors_fans,boot_time,pid_exists,wrapper,_read_status_file,_read_smaps_file,exe,terminal,io_counters,get_blocks,cwd,threads,open_files
138221,Fail,10,get_editor,vi_pos_word_short,vi_pos_word_long,vi_pos_end_short,vi_pos_end_long,vi_pos_back_short,vi_pos_back_long,vi_pos_find_char_forward,vi_pos_find_char_backward,vi_pos_matching,,,,,,,,,,,
157323,Fail,21,cat,per_cpu_times,cpu_count_logical,get_proc_inodes,get_all_inodes,process_inet,process_unix,sensors_temperatures,sensors_fans,boot_time,pid_exists,wrapper,_read_status_file,_read_smaps_file,exe,terminal,io_counters,get_blocks,cwd,threads,open_files
183787,Fail,5,__getattribute__,load,loadtxt,fromregex,genfromtxt,,,,,,,,,,,,,,,,
10514,Fail,3,worker,_handle_tasks,_handle_results,,,,,,,,,,,,,,,,,,
133190,Fail,2,_safe_path,get_pkg_info_revision,,,,,,,,,,,,,,,,,,,
139533,Fail,21,cat,per_cpu_times,cpu_count_logical,get_proc_inodes,get_all_inodes,process_inet,process_unix,sensors_temperatures,sensors_fans,boot_time,pid_exists,wrapper,_read_status_file,_read_smaps_file,exe,terminal,io_counters,get_blocks,cwd,threads,open_files
138910,Fail,14,find_function,user_exception,do_commands,do_break,checkline,do_up,do_down,do_until,_getval,do_list,do_longlist,do_source,do_whatis,do_help,,,,,,,
139533,Fail,21,cat,per_cpu_times,cpu_count_logical,get_proc_inodes,get_all_inodes,process_inet,process_unix,sensors_temperatures,sensors_fans,boot_time,pid_exists,wrapper,_read_status_file,_read_smaps_file,exe,terminal,io_counters,get_blocks,cwd,threads,open_files
118040,Fail,13,__init__,__init__,get,__init__,__init__,get,__init__,read_resolv_conf,read_registry,_win32_is_nic_enabled,query,query,_getfqdn,,,,,,,,
139533,Fail,21,cat,per_cpu_times,cpu_count_logical,get_proc_inodes,get_all_inodes,process_inet,process_unix,sensors_temperatures,sensors_fans,boot_time,pid_exists,wrapper,_read_status_file,_read_smaps_file,exe,terminal,io_counters,get_blocks,cwd,threads,open_files
10311,Fail,3,handle_request,collect_children,write,,,,,,,,,,,,,,,,,,
112143,Fail,14,find_function,user_exception,do_commands,do_break,checkline,do_up,do_down,do_until,_getval,do_list,do_longlist,do_source,do_whatis,do_help,,,,,,,
157323,Fail,21,cat,per_cpu_times,cpu_count_logical,get_proc_inodes,get_all_inodes,process_inet,process_unix,sensors_temperatures,sensors_fans,boot_time,pid_exists,wrapper,_read_status_file,_read_smaps_file,exe,terminal,io_counters,get_blocks,cwd,threads,open_files
105179,Fail,3,worker,_handle_tasks,_handle_results,,,,,,,,,,,,,,,,,,
111643,Fail,2,ssl_wrap_socket,_is_key_file_encrypted,,,,,,,,,,,,,,,,,,,
12390,Fail,5,_find_mac,_netstat_getnode,_ipconfig_getnode,_load_system_functions,getnode,,,,,,,,,,,,,,,,
139443,Fail,15,GetPerformanceAttributes,memusage,jiffies,assert_equal,assert_almost_equal,assert_approx_equal,assert_array_compare,compare,decorate_methods,assert_warns,assert_no_warnings,new_func,wrapper,_get_mem_available,wrapper,,,,,,
124899,Fail,2,read_windows_registry,read_mime_types,,,,,,,,,,,,,,,,,,,
183747,Fail,1,check_type_size,,,,,,,,,,,,,,,,,,,,
139533,Fail,21,cat,per_cpu_times,cpu_count_logical,get_proc_inodes,get_all_inodes,process_inet,process_unix,sensors_temperatures,sensors_fans,boot_time,pid_exists,wrapper,_read_status_file,_read_smaps_file,exe,terminal,io_counters,get_blocks,cwd,threads,open_files
118040,Fail,13,__init__,__init__,get,__init__,__init__,get,__init__,read_resolv_conf,read_registry,_win32_is_nic_enabled,query,query,_getfqdn,,,,,,,,
139533,Fail,21,cat,per_cpu_times,cpu_count_logical,get_proc_inodes,get_all_inodes,process_inet,process_unix,sensors_temperatures,sensors_fans,boot_time,pid_exists,wrapper,_read_status_file,_read_smaps_file,exe,terminal,io_counters,get_blocks,cwd,threads,open_files
29215,Fail,5,_find_mac,_netstat_getnode,_ipconfig_getnode,_load_system_functions,getnode,,,,,,,,,,,,,,,,
138951,Fail,5,_find_mac,_netstat_getnode,_ipconfig_getnode,_load_system_functions,getnode,,,,,,,,,,,,,,,,
113366,Fail,4,__init__,prep,checkmc,securedcheck,,,,,,,,,,,,,,,,,
118287,Fail,7,is_ip_address,is_ip_address,is_ip_address,command,_create_connection,_reset,remove_stale_sockets,,,,,,,,,,,,,,
118286,Fail,2,__should_stop,_run,,,,,,,,,,,,,,,,,,,
10514,Fail,3,worker,_handle_tasks,_handle_results,,,,,,,,,,,,,,,,,,
106380,Fail,2,getcolor,load,,,,,,,,,,,,,,,,,,,
139533,Fail,21,cat,per_cpu_times,cpu_count_logical,get_proc_inodes,get_all_inodes,process_inet,process_unix,sensors_temperatures,sensors_fans,boot_time,pid_exists,wrapper,_read_status_file,_read_smaps_file,exe,terminal,io_counters,get_blocks,cwd,threads,open_files
144771,Fail,3,connect_to_new_process,ensure_running,main,,,,,,,,,,,,,,,,,,
122045,Fail,4,infinity_polling,__threaded_polling,__non_threaded_polling,_notify_command_handlers,,,,,,,,,,,,,,,,,
118953,Fail,2,_guess_quote_and_delimiter,has_header,,,,,,,,,,,,,,,,,,,
139533,Fail,21,cat,per_cpu_times,cpu_count_logical,get_proc_inodes,get_all_inodes,process_inet,process_unix,sensors_temperatures,sensors_fans,boot_time,pid_exists,wrapper,_read_status_file,_read_smaps_file,exe,terminal,io_counters,get_blocks,cwd,threads,open_files
183787,Fail,5,__getattribute__,load,loadtxt,fromregex,genfromtxt,,,,,,,,,,,,,,,,
157323,Fail,21,cat,per_cpu_times,cpu_count_logical,get_proc_inodes,get_all_inodes,process_inet,process_unix,sensors_temperatures,sensors_fans,boot_time,pid_exists,wrapper,_read_status_file,_read_smaps_file,exe,terminal,io_counters,get_blocks,cwd,threads,open_files
139533,Fail,21,cat,per_cpu_times,cpu_count_logical,get_proc_inodes,get_all_inodes,process_inet,process_unix,sensors_temperatures,sensors_fans,boot_time,pid_exists,wrapper,_read_status_file,_read_smaps_file,exe,terminal,io_counters,get_blocks,cwd,threads,open_files
139533,Fail,21,cat,per_cpu_times,cpu_count_logical,get_proc_inodes,get_all_inodes,process_inet,process_unix,sensors_temperatures,sensors_fans,boot_time,pid_exists,wrapper,_read_status_file,_read_smaps_file,exe,terminal,io_counters,get_blocks,cwd,threads,open_files
105210,Fail,4,keycode_context,get_unicode_to_keycode_map,_run,_create_event_tap,,,,,,,,,,,,,,,,,
12859,Fail,15,GetPerformanceAttributes,memusage,jiffies,assert_equal,assert_almost_equal,assert_approx_equal,assert_array_compare,compare,decorate_methods,assert_warns,assert_no_warnings,new_func,wrapper,_get_mem_available,wrapper,,,,,,
118410,Fail,2,ssl_wrap_socket,_is_key_file_encrypted,,,,,,,,,,,,,,,,,,,
139533,Fail,21,cat,per_cpu_times,cpu_count_logical,get_proc_inodes,get_all_inodes,process_inet,process_unix,sensors_temperatures,sensors_fans,boot_time,pid_exists,wrapper,_read_status_file,_read_smaps_file,exe,terminal,io_counters,get_blocks,cwd,threads,open_files
112134,Fail,2,read_windows_registry,read_mime_types,,,,,,,,,,,,,,,,,,,
12756,Fail,3,_needs_build,single_compile,CCompiler_get_version,,,,,,,,,,,,,,,,,,
157323,Fail,21,cat,per_cpu_times,cpu_count_logical,get_proc_inodes,get_all_inodes,process_inet,process_unix,sensors_temperatures,sensors_fans,boot_time,pid_exists,wrapper,_read_status_file,_read_smaps_file,exe,terminal,io_counters,get_blocks,cwd,threads,open_files
137852,Fail,6,_detect_future_features,_read_python_source,refactor_string,refactor_tree,write_file,refactor_doctest,,,,,,,,,,,,,,,
157323,Fail,21,cat,per_cpu_times,cpu_count_logical,get_proc_inodes,get_all_inodes,process_inet,process_unix,sensors_temperatures,sensors_fans,boot_time,pid_exists,wrapper,_read_status_file,_read_smaps_file,exe,terminal,io_counters,get_blocks,cwd,threads,open_files
145730,Fail,4,_find_vc2015,object_filenames,compile,spawn,,,,,,,,,,,,,,,,,
29413,Fail,1,_find_exe_in_registry,,,,,,,,,,,,,,,,,,,,
118040,Fail,9,__init__,get,get,read_resolv_conf,read_registry,_win32_is_nic_enabled,query,query,_getfqdn,,,,,,,,,,,,
48859,Fail,12,prep,checkmc,secure_check,checkname,optifine,mojang,liquidbounce,skyblock,rproxies,loadcombo,loadproxy,get_announcement,,,,,,,,,
117968,Fail,1,run,,,,,,,,,,,,,,,,,,,,
145809,Fail,3,worker,_handle_tasks,_handle_results,,,,,,,,,,,,,,,,,,
124909,Fail,14,find_function,user_exception,do_commands,do_break,checkline,do_up,do_down,do_until,_getval,do_list,do_longlist,do_source,do_whatis,do_help,,,,,,,
151457,Fail,3,worker,_handle_tasks,_handle_results,,,,,,,,,,,,,,,,,,
157323,Fail,21,cat,per_cpu_times,cpu_count_logical,get_proc_inodes,get_all_inodes,process_inet,process_unix,sensors_temperatures,sensors_fans,boot_time,pid_exists,wrapper,_read_status_file,_read_smaps_file,exe,terminal,io_counters,get_blocks,cwd,threads,open_files
159074,Fail,15,GetPerformanceAttributes,memusage,jiffies,assert_equal,assert_almost_equal,assert_approx_equal,assert_array_compare,compare,decorate_methods,assert_warns,assert_no_warnings,new_func,wrapper,_get_mem_available,wrapper,,,,,,
118040,Fail,12,__init__,__init__,get,__init__,__init__,get,__init__,read_resolv_conf,read_registry,_win32_is_nic_enabled,query,_getfqdn,,,,,,,,,
10281,Fail,2,read_windows_registry,read_mime_types,,,,,,,,,,,,,,,,,,,
157323,Fail,21,cat,per_cpu_times,cpu_count_logical,get_proc_inodes,get_all_inodes,process_inet,process_unix,sensors_temperatures,sensors_fans,boot_time,pid_exists,wrapper,_read_status_file,_read_smaps_file,exe,terminal,io_counters,get_blocks,cwd,threads,open_files
118040,Fail,8,__init__,get,get,read_resolv_conf,read_registry,_win32_is_nic_enabled,query,_getfqdn,,,,,,,,,,,,,
118040,Fail,12,__init__,__init__,get,__init__,__init__,get,__init__,read_resolv_conf,read_registry,_win32_is_nic_enabled,query,_getfqdn,,,,,,,,,
118040,Fail,13,__init__,__init__,get,__init__,__init__,get,__init__,read_resolv_conf,read_registry,_win32_is_nic_enabled,query,query,_getfqdn,,,,,,,,
12315,Fail,2,_guess_quote_and_delimiter,has_header,,,,,,,,,,,,,,,,,,,
157323,Fail,21,cat,per_cpu_times,cpu_count_logical,get_proc_inodes,get_all_inodes,process_inet,process_unix,sensors_temperatures,sensors_fans,boot_time,pid_exists,wrapper,_read_status_file,_read_smaps_file,exe,terminal,io_counters,get_blocks,cwd,threads,open_files
161924,Fail,2,read_windows_registry,read_mime_types,,,,,,,,,,,,,,,,,,,
118040,Fail,13,__init__,__init__,get,__init__,__init__,get,__init__,read_resolv_conf,read_registry,_win32_is_nic_enabled,query,query,_getfqdn,,,,,,,,
125350,Fail,5,__getattribute__,load,loadtxt,fromregex,genfromtxt,,,,,,,,,,,,,,,,
157323,Fail,21,cat,per_cpu_times,cpu_count_logical,get_proc_inodes,get_all_inodes,process_inet,process_unix,sensors_temperatures,sensors_fans,boot_time,pid_exists,wrapper,_read_status_file,_read_smaps_file,exe,terminal,io_counters,get_blocks,cwd,threads,open_files
118040,Fail,13,__init__,__init__,get,__init__,__init__,get,__init__,read_resolv_conf,read_registry,_win32_is_nic_enabled,query,query,_getfqdn,,,,,,,,
117774,Fail,5,_find_mac,_netstat_getnode,_ipconfig_getnode,_load_system_functions,getnode,,,,,,,,,,,,,,,,
120826,Fail,3,worker,_handle_tasks,_handle_results,,,,,,,,,,,,,,,,,,
118040,Fail,13,__init__,__init__,get,__init__,__init__,get,__init__,read_resolv_conf,read_registry,_win32_is_nic_enabled,query,query,_getfqdn,,,,,,,,
157323,Fail,21,cat,per_cpu_times,cpu_count_logical,get_proc_inodes,get_all_inodes,process_inet,process_unix,sensors_temperatures,sensors_fans,boot_time,pid_exists,wrapper,_read_status_file,_read_smaps_file,exe,terminal,io_counters,get_blocks,cwd,threads,open_files
125509,Fail,2,unpack_archive,unpack_tarfile,,,,,,,,,,,,,,,,,,,
132755,Fail,2,calc_packing,StructureBody,,,,,,,,,,,,,,,,,,,
157323,Fail,21,cat,per_cpu_times,cpu_count_logical,get_proc_inodes,get_all_inodes,process_inet,process_unix,sensors_temperatures,sensors_fans,boot_time,pid_exists,wrapper,_read_status_file,_read_smaps_file,exe,terminal,io_counters,get_blocks,cwd,threads,open_files
25871,Fail,15,GetPerformanceAttributes,memusage,jiffies,assert_equal,assert_almost_equal,assert_approx_equal,assert_array_compare,compare,decorate_methods,assert_warns,assert_no_warnings,new_func,wrapper,_get_mem_available,wrapper,,,,,,
139536,Fail,9,cpu_count_logical,disk_partitions,wrapper,exe,terminal,cwd,threads,open_files,memory_maps,,,,,,,,,,,,
118040,Fail,13,__init__,__init__,get,__init__,__init__,get,__init__,read_resolv_conf,read_registry,_win32_is_nic_enabled,query,query,_getfqdn,,,,,,,,
139533,Fail,21,cat,per_cpu_times,cpu_count_logical,get_proc_inodes,get_all_inodes,process_inet,process_unix,sensors_temperatures,sensors_fans,boot_time,pid_exists,wrapper,_read_status_file,_read_smaps_file,exe,terminal,io_counters,get_blocks,cwd,threads,open_files
120772,Fail,1,make_zipfile,,,,,,,,,,,,,,,,,,,,
10484,Fail,8,acquire,acquire,_module_repr,__eq__,_load,_find_spec,_find_and_load,_handle_fromlist,,,,,,,,,,,,,
10485,Fail,6,_get_cached,_open_registry,get_data,set_data,_path_hooks,_setup,,,,,,,,,,,,,,,
118040,Fail,13,__init__,__init__,get,__init__,__init__,get,__init__,read_resolv_conf,read_registry,_win32_is_nic_enabled,query,query,_getfqdn,,,,,,,,
48859,Fail,12,prep,checkmc,secure_check,checkname,optifine,mojang,liquidbounce,skyblock,rproxies,loadcombo,loadproxy,get_announcement,,,,,,,,,
105223,Fail,3,loadTestsFromModule,loadTestsFromName,_find_test_path,,,,,,,,,,,,,,,,,,
157323,Fail,21,cat,per_cpu_times,cpu_count_logical,get_proc_inodes,get_all_inodes,process_inet,process_unix,sensors_temperatures,sensors_fans,boot_time,pid_exists,wrapper,_read_status_file,_read_smaps_file,exe,terminal,io_counters,get_blocks,cwd,threads,open_files
118040,Fail,13,__init__,__init__,get,__init__,__init__,get,__init__,read_resolv_conf,read_registry,_win32_is_nic_enabled,query,query,_getfqdn,,,,,,,,
118040,Fail,13,__init__,__init__,get,__init__,__init__,get,__init__,read_resolv_conf,read_registry,_win32_is_nic_enabled,query,query,_getfqdn,,,,,,,,
125310,Fail,1,check_type_size,,,,,,,,,,,,,,,,,,,,
157323,Fail,21,cat,per_cpu_times,cpu_count_logical,get_proc_inodes,get_all_inodes,process_inet,process_unix,sensors_temperatures,sensors_fans,boot_time,pid_exists,wrapper,_read_status_file,_read_smaps_file,exe,terminal,io_counters,get_blocks,cwd,threads,open_files
157323,Fail,21,cat,per_cpu_times,cpu_count_logical,get_proc_inodes,get_all_inodes,process_inet,process_unix,sensors_temperatures,sensors_fans,boot_time,pid_exists,wrapper,_read_status_file,_read_smaps_file,exe,terminal,io_counters,get_blocks,cwd,threads,open_files
145442,Fail,2,read_windows_registry,read_mime_types,,,,,,,,,,,,,,,,,,,
118040,Fail,12,__init__,__init__,get,__init__,__init__,get,__init__,read_resolv_conf,read_registry,_win32_is_nic_enabled,query,_getfqdn,,,,,,,,,
118040,Fail,12,__init__,__init__,get,__init__,__init__,get,__init__,read_resolv_conf,read_registry,_win32_is_nic_enabled,query,_getfqdn,,,,,,,,,
48859,Fail,12,prep,checkmc,secure_check,checkname,optifine,mojang,liquidbounce,skyblock,rproxies,loadcombo,loadproxy,get_announcement,,,,,,,,,
145809,Fail,3,worker,_handle_tasks,_handle_results,,,,,,,,,,,,,,,,,,
151457,Fail,3,worker,_handle_tasks,_handle_results,,,,,,,,,,,,,,,,,,
118040,Fail,9,__init__,get,get,read_resolv_conf,read_registry,_win32_is_nic_enabled,query,query,_getfqdn,,,,,,,,,,,,
157323,Fail,21,cat,per_cpu_times,cpu_count_logical,get_proc_inodes,get_all_inodes,process_inet,process_unix,sensors_temperatures,sensors_fans,boot_time,pid_exists,wrapper,_read_status_file,_read_smaps_file,exe,terminal,io_counters,get_blocks,cwd,threads,open_files
157323,Fail,21,cat,per_cpu_times,cpu_count_logical,get_proc_inodes,get_all_inodes,process_inet,process_unix,sensors_temperatures,sensors_fans,boot_time,pid_exists,wrapper,_read_status_file,_read_smaps_file,exe,terminal,io_counters,get_blocks,cwd,threads,open_files
139586,Fail,2,unpack_archive,_iter_open_tar,,,,,,,,,,,,,,,,,,,
157323,Fail,21,cat,per_cpu_times,cpu_count_logical,get_proc_inodes,get_all_inodes,process_inet,process_unix,sensors_temperatures,sensors_fans,boot_time,pid_exists,wrapper,_read_status_file,_read_smaps_file,exe,terminal,io_counters,get_blocks,cwd,threads,open_files
118040,Fail,13,__init__,__init__,get,__init__,__init__,get,__init__,read_resolv_conf,read_registry,_win32_is_nic_enabled,query,query,_getfqdn,,,,,,,,
48859,Fail,12,prep,checkmc,secure_check,checkname,optifine,mojang,liquidbounce,skyblock,rproxies,loadcombo,loadproxy,get_announcement,,,,,,,,,
112141,Fail,4,_get_exports_list,removedirs,walk,_fwalk,,,,,,,,,,,,,,,,,
157320,Fail,3,super,wrapper,get_terminal_size,,,,,,,,,,,,,,,,,,
157323,Fail,21,cat,per_cpu_times,cpu_count_logical,get_proc_inodes,get_all_inodes,process_inet,process_unix,sensors_temperatures,sensors_fans,boot_time,pid_exists,wrapper,_read_status_file,_read_smaps_file,exe,terminal,io_counters,get_blocks,cwd,threads,open_files
10289,Fail,4,_get_exports_list,removedirs,walk,_fwalk,,,,,,,,,,,,,,,,,
157323,Fail,21,cat,per_cpu_times,cpu_count_logical,get_proc_inodes,get_all_inodes,process_inet,process_unix,sensors_temperatures,sensors_fans,boot_time,pid_exists,wrapper,_read_status_file,_read_smaps_file,exe,terminal,io_counters,get_blocks,cwd,threads,open_files
118040,Fail,13,__init__,__init__,get,__init__,__init__,get,__init__,read_resolv_conf,read_registry,_win32_is_nic_enabled,query,query,_getfqdn,,,,,,,,
110785,Fail,14,find_function,user_exception,do_commands,do_break,checkline,do_up,do_down,do_until,_getval,do_list,do_longlist,do_source,do_whatis,do_help,,,,,,,
118040,Fail,13,__init__,__init__,get,__init__,__init__,get,__init__,read_resolv_conf,read_registry,_win32_is_nic_enabled,query,query,_getfqdn,,,,,,,,
139533,Fail,21,cat,per_cpu_times,cpu_count_logical,get_proc_inodes,get_all_inodes,process_inet,process_unix,sensors_temperatures,sensors_fans,boot_time,pid_exists,wrapper,_read_status_file,_read_smaps_file,exe,terminal,io_counters,get_blocks,cwd,threads,open_files
118040,Fail,13,__init__,__init__,get,__init__,__init__,get,__init__,read_resolv_conf,read_registry,_win32_is_nic_enabled,query,query,_getfqdn,,,,,,,,
120826,Fail,3,worker,_handle_tasks,_handle_results,,,,,,,,,,,,,,,,,,
118040,Fail,9,__init__,get,get,read_resolv_conf,read_registry,_win32_is_nic_enabled,query,query,_getfqdn,,,,,,,,,,,,
139533,Fail,21,cat,per_cpu_times,cpu_count_logical,get_proc_inodes,get_all_inodes,process_inet,process_unix,sensors_temperatures,sensors_fans,boot_time,pid_exists,wrapper,_read_status_file,_read_smaps_file,exe,terminal,io_counters,get_blocks,cwd,threads,open_files
12497,Fail,2,calc_packing,StructureBody,,,,,,,,,,,,,,,,,,,
125350,Fail,5,__getattribute__,load,loadtxt,fromregex,genfromtxt,,,,,,,,,,,,,,,,
157323,Fail,21,cat,per_cpu_times,cpu_count_logical,get_proc_inodes,get_all_inodes,process_inet,process_unix,sensors_temperatures,sensors_fans,boot_time,pid_exists,wrapper,_read_status_file,_read_smaps_file,exe,terminal,io_counters,get_blocks,cwd,threads,open_files
118040,Fail,13,__init__,__init__,get,__init__,__init__,get,__init__,read_resolv_conf,read_registry,_win32_is_nic_enabled,query,query,_getfqdn,,,,,,,,
117774,Fail,5,_find_mac,_netstat_getnode,_ipconfig_getnode,_load_system_functions,getnode,,,,,,,,,,,,,,,,
157323,Fail,21,cat,per_cpu_times,cpu_count_logical,get_proc_inodes,get_all_inodes,process_inet,process_unix,sensors_temperatures,sensors_fans,boot_time,pid_exists,wrapper,_read_status_file,_read_smaps_file,exe,terminal,io_counters,get_blocks,cwd,threads,open_files
145891,Fail,2,unpack_archive,unpack_tarfile,,,,,,,,,,,,,,,,,,,
120652,Fail,14,find_function,user_exception,do_commands,do_break,checkline,do_up,do_down,do_until,_getval,do_list,do_longlist,do_source,do_whatis,do_help,,,,,,,
139533,Fail,21,cat,per_cpu_times,cpu_count_logical,get_proc_inodes,get_all_inodes,process_inet,process_unix,sensors_temperatures,sensors_fans,boot_time,pid_exists,wrapper,_read_status_file,_read_smaps_file,exe,terminal,io_counters,get_blocks,cwd,threads,open_files
138951,Fail,5,_find_mac,_netstat_getnode,_ipconfig_getnode,_load_system_functions,getnode,,,,,,,,,,,,,,,,
113366,Fail,4,__init__,prep,checkmc,securedcheck,,,,,,,,,,,,,,,,,
48483,Fail,2,_setup_name_tables,low_level_keyboard_handler,,,,,,,,,,,,,,,,,,,
29215,Fail,5,_find_mac,_netstat_getnode,_ipconfig_getnode,_load_system_functions,getnode,,,,,,,,,,,,,,,,
183977,Fail,2,ssl_wrap_socket,_is_key_file_encrypted,,,,,,,,,,,,,,,,,,,
12390,Fail,5,_find_mac,_netstat_getnode,_ipconfig_getnode,_load_system_functions,getnode,,,,,,,,,,,,,,,,
119180,Fail,9,urlretrieve,add_handler,redirect_request,do_open,parse_http_list,_safe_gethostbyname,http_error_302,prompt_user_passwd,_proxy_bypass_macosx_sysconf,,,,,,,,,,,,
139533,Fail,21,cat,per_cpu_times,cpu_count_logical,get_proc_inodes,get_all_inodes,process_inet,process_unix,sensors_temperatures,sensors_fans,boot_time,pid_exists,wrapper,_read_status_file,_read_smaps_file,exe,terminal,io_counters,get_blocks,cwd,threads,open_files
118040,Fail,13,__init__,__init__,get,__init__,__init__,get,__init__,read_resolv_conf,read_registry,_win32_is_nic_enabled,query,query,_getfqdn,,,,,,,,
156850,Fail,2,calc_packing,StructureBody,,,,,,,,,,,,,,,,,,,
139533,Fail,21,cat,per_cpu_times,cpu_count_logical,get_proc_inodes,get_all_inodes,process_inet,process_unix,sensors_temperatures,sensors_fans,boot_time,pid_exists,wrapper,_read_status_file,_read_smaps_file,exe,terminal,io_counters,get_blocks,cwd,threads,open_files
118208,Fail,3,my_unichr,replace_entity,__call__,,,,,,,,,,,,,,,,,,
105179,Fail,3,worker,_handle_tasks,_handle_results,,,,,,,,,,,,,,,,,,
157323,Fail,21,cat,per_cpu_times,cpu_count_logical,get_proc_inodes,get_all_inodes,process_inet,process_unix,sensors_temperatures,sensors_fans,boot_time,pid_exists,wrapper,_read_status_file,_read_smaps_file,exe,terminal,io_counters,get_blocks,cwd,threads,open_files
139533,Fail,21,cat,per_cpu_times,cpu_count_logical,get_proc_inodes,get_all_inodes,process_inet,process_unix,sensors_temperatures,sensors_fans,boot_time,pid_exists,wrapper,_read_status_file,_read_smaps_file,exe,terminal,io_counters,get_blocks,cwd,threads,open_files
118040,Fail,9,__init__,get,get,read_resolv_conf,read_registry,_win32_is_nic_enabled,query,query,_getfqdn,,,,,,,,,,,,
139533,Fail,21,cat,per_cpu_times,cpu_count_logical,get_proc_inodes,get_all_inodes,process_inet,process_unix,sensors_temperatures,sensors_fans,boot_time,pid_exists,wrapper,_read_status_file,_read_smaps_file,exe,terminal,io_counters,get_blocks,cwd,threads,open_files
139533,Fail,21,cat,per_cpu_times,cpu_count_logical,get_proc_inodes,get_all_inodes,process_inet,process_unix,sensors_temperatures,sensors_fans,boot_time,pid_exists,wrapper,_read_status_file,_read_smaps_file,exe,terminal,io_counters,get_blocks,cwd,threads,open_files
139533,Fail,21,cat,per_cpu_times,cpu_count_logical,get_proc_inodes,get_all_inodes,process_inet,process_unix,sensors_temperatures,sensors_fans,boot_time,pid_exists,wrapper,_read_status_file,_read_smaps_file,exe,terminal,io_counters,get_blocks,cwd,threads,open_files
183279,Fail,2,read_windows_registry,read_mime_types,,,,,,,,,,,,,,,,,,,
139075,Fail,2,calc_packing,StructureBody,,,,,,,,,,,,,,,,,,,
156052,Fail,5,process_new_updates,infinity_polling,__threaded_polling,__non_threaded_polling,_notify_command_handlers,,,,,,,,,,,,,,,,
47764,Fail,6,_detect_future_features,_read_python_source,refactor_string,refactor_tree,write_file,refactor_doctest,,,,,,,,,,,,,,,
157323,Fail,21,cat,per_cpu_times,cpu_count_logical,get_proc_inodes,get_all_inodes,process_inet,process_unix,sensors_temperatures,sensors_fans,boot_time,pid_exists,wrapper,_read_status_file,_read_smaps_file,exe,terminal,io_counters,get_blocks,cwd,threads,open_files
139533,Fail,21,cat,per_cpu_times,cpu_count_logical,get_proc_inodes,get_all_inodes,process_inet,process_unix,sensors_temperatures,sensors_fans,boot_time,pid_exists,wrapper,_read_status_file,_read_smaps_file,exe,terminal,io_counters,get_blocks,cwd,threads,open_files
183787,Fail,5,__getattribute__,load,loadtxt,fromregex,genfromtxt,,,,,,,,,,,,,,,,
157323,Fail,21,cat,per_cpu_times,cpu_count_logical,get_proc_inodes,get_all_inodes,process_inet,process_unix,sensors_temperatures,sensors_fans,boot_time,pid_exists,wrapper,_read_status_file,_read_smaps_file,exe,terminal,io_counters,get_blocks,cwd,threads,open_files
125143,Fail,4,_find_vc2015,object_filenames,compile,spawn,,,,,,,,,,,,,,,,,
10514,Fail,3,worker,_handle_tasks,_handle_results,,,,,,,,,,,,,,,,,,
121975,Fail,2,_setup_name_tables,low_level_keyboard_handler,,,,,,,,,,,,,,,,,,,
139533,Fail,21,cat,per_cpu_times,cpu_count_logical,get_proc_inodes,get_all_inodes,process_inet,process_unix,sensors_temperatures,sensors_fans,boot_time,pid_exists,wrapper,_read_status_file,_read_smaps_file,exe,terminal,io_counters,get_blocks,cwd,threads,open_files
139533,Fail,21,cat,per_cpu_times,cpu_count_logical,get_proc_inodes,get_all_inodes,process_inet,process_unix,sensors_temperatures,sensors_fans,boot_time,pid_exists,wrapper,_read_status_file,_read_smaps_file,exe,terminal,io_counters,get_blocks,cwd,threads,open_files
139533,Fail,21,cat,per_cpu_times,cpu_count_logical,get_proc_inodes,get_all_inodes,process_inet,process_unix,sensors_temperatures,sensors_fans,boot_time,pid_exists,wrapper,_read_status_file,_read_smaps_file,exe,terminal,io_counters,get_blocks,cwd,threads,open_files
10511,Fail,3,connect_to_new_process,ensure_running,main,,,,,,,,,,,,,,,,,,
118040,Fail,9,__init__,get,get,read_resolv_conf,read_registry,_win32_is_nic_enabled,query,query,_getfqdn,,,,,,,,,,,,
120826,Fail,3,worker,_handle_tasks,_handle_results,,,,,,,,,,,,,,,,,,
118040,Fail,13,__init__,__init__,get,__init__,__init__,get,__init__,read_resolv_conf,read_registry,_win32_is_nic_enabled,query,query,_getfqdn,,,,,,,,
139533,Fail,21,cat,per_cpu_times,cpu_count_logical,get_proc_inodes,get_all_inodes,process_inet,process_unix,sensors_temperatures,sensors_fans,boot_time,pid_exists,wrapper,_read_status_file,_read_smaps_file,exe,terminal,io_counters,get_blocks,cwd,threads,open_files
117774,Fail,5,_find_mac,_netstat_getnode,_ipconfig_getnode,_load_system_functions,getnode,,,,,,,,,,,,,,,,
125350,Fail,5,__getattribute__,load,loadtxt,fromregex,genfromtxt,,,,,,,,,,,,,,,,
157323,Fail,21,cat,per_cpu_times,cpu_count_logical,get_proc_inodes,get_all_inodes,process_inet,process_unix,sensors_temperatures,sensors_fans,boot_time,pid_exists,wrapper,_read_status_file,_read_smaps_file,exe,terminal,io_counters,get_blocks,cwd,threads,open_files
157323,Fail,21,cat,per_cpu_times,cpu_count_logical,get_proc_inodes,get_all_inodes,process_inet,process_unix,sensors_temperatures,sensors_fans,boot_time,pid_exists,wrapper,_read_status_file,_read_smaps_file,exe,terminal,io_counters,get_blocks,cwd,threads,open_files
118040,Fail,13,__init__,__init__,get,__init__,__init__,get,__init__,read_resolv_conf,read_registry,_win32_is_nic_enabled,query,query,_getfqdn,,,,,,,,
48859,Fail,12,prep,checkmc,secure_check,checkname,optifine,mojang,liquidbounce,skyblock,rproxies,loadcombo,loadproxy,get_announcement,,,,,,,,,
48859,Fail,12,prep,checkmc,secure_check,checkname,optifine,mojang,liquidbounce,skyblock,rproxies,loadcombo,loadproxy,get_announcement,,,,,,,,,
118040,Fail,13,__init__,__init__,get,__init__,__init__,get,__init__,read_resolv_conf,read_registry,_win32_is_nic_enabled,query,query,_getfqdn,,,,,,,,
139533,Fail,21,cat,per_cpu_times,cpu_count_logical,get_proc_inodes,get_all_inodes,process_inet,process_unix,sensors_temperatures,sensors_fans,boot_time,pid_exists,wrapper,_read_status_file,_read_smaps_file,exe,terminal,io_counters,get_blocks,cwd,threads,open_files
26039,Fail,2,_safe_path,get_pkg_info_revision,,,,,,,,,,,,,,,,,,,
157323,Fail,21,cat,per_cpu_times,cpu_count_logical,get_proc_inodes,get_all_inodes,process_inet,process_unix,sensors_temperatures,sensors_fans,boot_time,pid_exists,wrapper,_read_status_file,_read_smaps_file,exe,terminal,io_counters,get_blocks,cwd,threads,open_files
152114,Fail,2,ssl_wrap_socket,_is_key_file_encrypted,,,,,,,,,,,,,,,,,,,
157323,Fail,21,cat,per_cpu_times,cpu_count_logical,get_proc_inodes,get_all_inodes,process_inet,process_unix,sensors_temperatures,sensors_fans,boot_time,pid_exists,wrapper,_read_status_file,_read_smaps_file,exe,terminal,io_counters,get_blocks,cwd,threads,open_files
139594,Fail,6,msvc9_query_vcvarsall,_msvc14_find_vc2015,lookup,find_reg_vs_vers,find_programdata_vs_vers,_guess_vc,,,,,,,,,,,,,,,
118040,Fail,9,__init__,get,get,read_resolv_conf,read_registry,_win32_is_nic_enabled,query,query,_getfqdn,,,,,,,,,,,,
166912,Fail,8,call_with_this,call_without_this,find_method,find_impl,get,_create_vtbl_type,IDispatch_GetTypeInfo,IDispatch_Invoke,,,,,,,,,,,,,
48859,Fail,12,prep,checkmc,secure_check,checkname,optifine,mojang,liquidbounce,skyblock,rproxies,loadcombo,loadproxy,get_announcement,,,,,,,,,
145809,Fail,3,worker,_handle_tasks,_handle_results,,,,,,,,,,,,,,,,,,
151457,Fail,3,worker,_handle_tasks,_handle_results,,,,,,,,,,,,,,,,,,
118040,Fail,13,__init__,__init__,get,__init__,__init__,get,__init__,read_resolv_conf,read_registry,_win32_is_nic_enabled,query,query,_getfqdn,,,,,,,,
157323,Fail,21,cat,per_cpu_times,cpu_count_logical,get_proc_inodes,get_all_inodes,process_inet,process_unix,sensors_temperatures,sensors_fans,boot_time,pid_exists,wrapper,_read_status_file,_read_smaps_file,exe,terminal,io_counters,get_blocks,cwd,threads,open_files
155982,Fail,2,_setup_name_tables,low_level_keyboard_handler,,,,,,,,,,,,,,,,,,,
123574,Fail,2,_guess_quote_and_delimiter,has_header,,,,,,,,,,,,,,,,,,,
157323,Fail,21,cat,per_cpu_times,cpu_count_logical,get_proc_inodes,get_all_inodes,process_inet,process_unix,sensors_temperatures,sensors_fans,boot_time,pid_exists,wrapper,_read_status_file,_read_smaps_file,exe,terminal,io_counters,get_blocks,cwd,threads,open_files
18532,Fail,2,load,load,,,,,,,,,,,,,,,,,,,
157326,Fail,9,cpu_count_logical,disk_partitions,wrapper,exe,terminal,cwd,threads,open_files,memory_maps,,,,,,,,,,,,
157323,Fail,21,cat,per_cpu_times,cpu_count_logical,get_proc_inodes,get_all_inodes,process_inet,process_unix,sensors_temperatures,sensors_fans,boot_time,pid_exists,wrapper,_read_status_file,_read_smaps_file,exe,terminal,io_counters,get_blocks,cwd,threads,open_files
118040,Fail,13,__init__,__init__,get,__init__,__init__,get,__init__,read_resolv_conf,read_registry,_win32_is_nic_enabled,query,query,_getfqdn,,,,,,,,
132560,Fail,2,_guess_quote_and_delimiter,has_header,,,,,,,,,,,,,,,,,,,
157323,Fail,21,cat,per_cpu_times,cpu_count_logical,get_proc_inodes,get_all_inodes,process_inet,process_unix,sensors_temperatures,sensors_fans,boot_time,pid_exists,wrapper,_read_status_file,_read_smaps_file,exe,terminal,io_counters,get_blocks,cwd,threads,open_files
183720,Fail,3,_needs_build,single_compile,CCompiler_get_version,,,,,,,,,,,,,,,,,,
118040,Fail,12,__init__,__init__,get,__init__,__init__,get,__init__,read_resolv_conf,read_registry,_win32_is_nic_enabled,query,_getfqdn,,,,,,,,,
118040,Fail,12,__init__,__init__,get,__init__,__init__,get,__init__,read_resolv_conf,read_registry,_win32_is_nic_enabled,query,_getfqdn,,,,,,,,,
157108,Fail,2,_setup_name_tables,low_level_keyboard_handler,,,,,,,,,,,,,,,,,,,
118040,Fail,13,__init__,__init__,get,__init__,__init__,get,__init__,read_resolv_conf,read_registry,_win32_is_nic_enabled,query,query,_getfqdn,,,,,,,,
157323,Fail,21,cat,per_cpu_times,cpu_count_logical,get_proc_inodes,get_all_inodes,process_inet,process_unix,sensors_temperatures,sensors_fans,boot_time,pid_exists,wrapper,_read_status_file,_read_smaps_file,exe,terminal,io_counters,get_blocks,cwd,threads,open_files
10596,Fail,2,ssl_wrap_socket,_is_key_file_encrypted,,,,,,,,,,,,,,,,,,,
48859,Fail,12,prep,checkmc,secure_check,checkname,optifine,mojang,liquidbounce,skyblock,rproxies,loadcombo,loadproxy,get_announcement,,,,,,,,,
183787,Fail,5,__getattribute__,load,loadtxt,fromregex,genfromtxt,,,,,,,,,,,,,,,,
157323,Fail,21,cat,per_cpu_times,cpu_count_logical,get_proc_inodes,get_all_inodes,process_inet,process_unix,sensors_temperatures,sensors_fans,boot_time,pid_exists,wrapper,_read_status_file,_read_smaps_file,exe,terminal,io_counters,get_blocks,cwd,threads,open_files
105162,Fail,6,_detect_future_features,_read_python_source,refactor_string,refactor_tree,write_file,refactor_doctest,,,,,,,,,,,,,,,
10291,Fail,14,find_function,user_exception,do_commands,do_break,checkline,do_up,do_down,do_until,_getval,do_list,do_longlist,do_source,do_whatis,do_help,,,,,,,
142266,Fail,2,_safe_path,get_pkg_info_revision,,,,,,,,,,,,,,,,,,,
139533,Fail,21,cat,per_cpu_times,cpu_count_logical,get_proc_inodes,get_all_inodes,process_inet,process_unix,sensors_temperatures,sensors_fans,boot_time,pid_exists,wrapper,_read_status_file,_read_smaps_file,exe,terminal,io_counters,get_blocks,cwd,threads,open_files
139533,Fail,21,cat,per_cpu_times,cpu_count_logical,get_proc_inodes,get_all_inodes,process_inet,process_unix,sensors_temperatures,sensors_fans,boot_time,pid_exists,wrapper,_read_status_file,_read_smaps_file,exe,terminal,io_counters,get_blocks,cwd,threads,open_files
10514,Fail,3,worker,_handle_tasks,_handle_results,,,,,,,,,,,,,,,,,,
157323,Fail,21,cat,per_cpu_times,cpu_count_logical,get_proc_inodes,get_all_inodes,process_inet,process_unix,sensors_temperatures,sensors_fans,boot_time,pid_exists,wrapper,_read_status_file,_read_smaps_file,exe,terminal,io_counters,get_blocks,cwd,threads,open_files
139533,Fail,21,cat,per_cpu_times,cpu_count_logical,get_proc_inodes,get_all_inodes,process_inet,process_unix,sensors_temperatures,sensors_fans,boot_time,pid_exists,wrapper,_read_status_file,_read_smaps_file,exe,terminal,io_counters,get_blocks,cwd,threads,open_files
105210,Fail,4,keycode_context,get_unicode_to_keycode_map,_run,_create_event_tap,,,,,,,,,,,,,,,,,
139533,Fail,21,cat,per_cpu_times,cpu_count_logical,get_proc_inodes,get_all_inodes,process_inet,process_unix,sensors_temperatures,sensors_fans,boot_time,pid_exists,wrapper,_read_status_file,_read_smaps_file,exe,terminal,io_counters,get_blocks,cwd,threads,open_files
105179,Fail,3,worker,_handle_tasks,_handle_results,,,,,,,,,,,,,,,,,,
157323,Fail,21,cat,per_cpu_times,cpu_count_logical,get_proc_inodes,get_all_inodes,process_inet,process_unix,sensors_temperatures,sensors_fans,boot_time,pid_exists,wrapper,_read_status_file,_read_smaps_file,exe,terminal,io_counters,get_blocks,cwd,threads,open_files
139533,Fail,21,cat,per_cpu_times,cpu_count_logical,get_proc_inodes,get_all_inodes,process_inet,process_unix,sensors_temperatures,sensors_fans,boot_time,pid_exists,wrapper,_read_status_file,_read_smaps_file,exe,terminal,io_counters,get_blocks,cwd,threads,open_files
139533,Fail,21,cat,per_cpu_times,cpu_count_logical,get_proc_inodes,get_all_inodes,process_inet,process_unix,sensors_temperatures,sensors_fans,boot_time,pid_exists,wrapper,_read_status_file,_read_smaps_file,exe,terminal,io_counters,get_blocks,cwd,threads,open_files
118040,Fail,13,__init__,__init__,get,__init__,__init__,get,__init__,read_resolv_conf,read_registry,_win32_is_nic_enabled,query,query,_getfqdn,,,,,,,,
118279,Fail,10,_cached,_purge_index,_is_writable,_end_sessions,_run_operation_with_response,_retry_with_session,_retryable_read,_retryable_write,_ensure_session,__exit__,,,,,,,,,,,
139533,Fail,21,cat,per_cpu_times,cpu_count_logical,get_proc_inodes,get_all_inodes,process_inet,process_unix,sensors_temperatures,sensors_fans,boot_time,pid_exists,wrapper,_read_status_file,_read_smaps_file,exe,terminal,io_counters,get_blocks,cwd,threads,open_files
138951,Fail,5,_find_mac,_netstat_getnode,_ipconfig_getnode,_load_system_functions,getnode,,,,,,,,,,,,,,,,
113366,Fail,4,__init__,prep,checkmc,securedcheck,,,,,,,,,,,,,,,,,
105176,Fail,3,connect_to_new_process,ensure_running,main,,,,,,,,,,,,,,,,,,
139533,Fail,21,cat,per_cpu_times,cpu_count_logical,get_proc_inodes,get_all_inodes,process_inet,process_unix,sensors_temperatures,sensors_fans,boot_time,pid_exists,wrapper,_read_status_file,_read_smaps_file,exe,terminal,io_counters,get_blocks,cwd,threads,open_files
118040,Fail,13,__init__,__init__,get,__init__,__init__,get,__init__,read_resolv_conf,read_registry,_win32_is_nic_enabled,query,query,_getfqdn,,,,,,,,
29215,Fail,5,_find_mac,_netstat_getnode,_ipconfig_getnode,_load_system_functions,getnode,,,,,,,,,,,,,,,,
158066,Fail,14,find_function,user_exception,do_commands,do_break,checkline,do_up,do_down,do_until,_getval,do_list,do_longlist,do_source,do_whatis,do_help,,,,,,,
139533,Fail,21,cat,per_cpu_times,cpu_count_logical,get_proc_inodes,get_all_inodes,process_inet,process_unix,sensors_temperatures,sensors_fans,boot_time,pid_exists,wrapper,_read_status_file,_read_smaps_file,exe,terminal,io_counters,get_blocks,cwd,threads,open_files
139533,Fail,21,cat,per_cpu_times,cpu_count_logical,get_proc_inodes,get_all_inodes,process_inet,process_unix,sensors_temperatures,sensors_fans,boot_time,pid_exists,wrapper,_read_status_file,_read_smaps_file,exe,terminal,io_counters,get_blocks,cwd,threads,open_files
157225,Fail,1,check_type_size,,,,,,,,,,,,,,,,,,,,
145617,Fail,2,calc_packing,StructureBody,,,,,,,,,,,,,,,,,,,
118040,Fail,13,__init__,__init__,get,__init__,__init__,get,__init__,read_resolv_conf,read_registry,_win32_is_nic_enabled,query,query,_getfqdn,,,,,,,,
120623,Fail,2,_guess_quote_and_delimiter,has_header,,,,,,,,,,,,,,,,,,,
12390,Fail,5,_find_mac,_netstat_getnode,_ipconfig_getnode,_load_system_functions,getnode,,,,,,,,,,,,,,,,
125518,Fail,6,msvc9_query_vcvarsall,_msvc14_find_vc2015,lookup,find_reg_vs_vers,find_programdata_vs_vers,_guess_vc,,,,,,,,,,,,,,,
155677,Fail,2,read_windows_registry,read_mime_types,,,,,,,,,,,,,,,,,,,
12373,Fail,3,handle_request,collect_children,write,,,,,,,,,,,,,,,,,,
157475,Fail,2,ssl_wrap_socket,_is_key_file_encrypted,,,,,,,,,,,,,,,,,,,
121675,Fail,14,find_function,user_exception,do_commands,do_break,checkline,do_up,do_down,do_until,_getval,do_list,do_longlist,do_source,do_whatis,do_help,,,,,,,
157323,Fail,21,cat,per_cpu_times,cpu_count_logical,get_proc_inodes,get_all_inodes,process_inet,process_unix,sensors_temperatures,sensors_fans,boot_time,pid_exists,wrapper,_read_status_file,_read_smaps_file,exe,terminal,io_counters,get_blocks,cwd,threads,open_files
139533,Fail,21,cat,per_cpu_times,cpu_count_logical,get_proc_inodes,get_all_inodes,process_inet,process_unix,sensors_temperatures,sensors_fans,boot_time,pid_exists,wrapper,_read_status_file,_read_smaps_file,exe,terminal,io_counters,get_blocks,cwd,threads,open_files
105210,Fail,4,keycode_context,get_unicode_to_keycode_map,_run,_create_event_tap,,,,,,,,,,,,,,,,,
105211,Fail,1,__iter__,,,,,,,,,,,,,,,,,,,,
139533,Fail,21,cat,per_cpu_times,cpu_count_logical,get_proc_inodes,get_all_inodes,process_inet,process_unix,sensors_temperatures,sensors_fans,boot_time,pid_exists,wrapper,_read_status_file,_read_smaps_file,exe,terminal,io_counters,get_blocks,cwd,threads,open_files
139533,Fail,21,cat,per_cpu_times,cpu_count_logical,get_proc_inodes,get_all_inodes,process_inet,process_unix,sensors_temperatures,sensors_fans,boot_time,pid_exists,wrapper,_read_status_file,_read_smaps_file,exe,terminal,io_counters,get_blocks,cwd,threads,open_files
10514,Fail,3,worker,_handle_tasks,_handle_results,,,,,,,,,,,,,,,,,,
183787,Fail,5,__getattribute__,load,loadtxt,fromregex,genfromtxt,,,,,,,,,,,,,,,,
157323,Fail,21,cat,per_cpu_times,cpu_count_logical,get_proc_inodes,get_all_inodes,process_inet,process_unix,sensors_temperatures,sensors_fans,boot_time,pid_exists,wrapper,_read_status_file,_read_smaps_file,exe,terminal,io_counters,get_blocks,cwd,threads,open_files
157198,Fail,3,_needs_build,single_compile,CCompiler_get_version,,,,,,,,,,,,,,,,,,
139533,Fail,21,cat,per_cpu_times,cpu_count_logical,get_proc_inodes,get_all_inodes,process_inet,process_unix,sensors_temperatures,sensors_fans,boot_time,pid_exists,wrapper,_read_status_file,_read_smaps_file,exe,terminal,io_counters,get_blocks,cwd,threads,open_files
139533,Fail,21,cat,per_cpu_times,cpu_count_logical,get_proc_inodes,get_all_inodes,process_inet,process_unix,sensors_temperatures,sensors_fans,boot_time,pid_exists,wrapper,_read_status_file,_read_smaps_file,exe,terminal,io_counters,get_blocks,cwd,threads,open_files
118040,Fail,13,__init__,__init__,get,__init__,__init__,get,__init__,read_resolv_conf,read_registry,_win32_is_nic_enabled,query,query,_getfqdn,,,,,,,,
157323,Fail,21,cat,per_cpu_times,cpu_count_logical,get_proc_inodes,get_all_inodes,process_inet,process_unix,sensors_temperatures,sensors_fans,boot_time,pid_exists,wrapper,_read_status_file,_read_smaps_file,exe,terminal,io_counters,get_blocks,cwd,threads,open_files
12486,Fail,8,call_with_this,call_without_this,find_method,find_impl,get,_create_vtbl_type,IDispatch_GetTypeInfo,IDispatch_Invoke,,,,,,,,,,,,,
12390,Fail,5,_find_mac,_netstat_getnode,_ipconfig_getnode,_load_system_functions,getnode,,,,,,,,,,,,,,,,
125518,Fail,6,msvc9_query_vcvarsall,_msvc14_find_vc2015,lookup,find_reg_vs_vers,find_programdata_vs_vers,_guess_vc,,,,,,,,,,,,,,,
139533,Fail,21,cat,per_cpu_times,cpu_count_logical,get_proc_inodes,get_all_inodes,process_inet,process_unix,sensors_temperatures,sensors_fans,boot_time,pid_exists,wrapper,_read_status_file,_read_smaps_file,exe,terminal,io_counters,get_blocks,cwd,threads,open_files
12884,Fail,2,load,load,,,,,,,,,,,,,,,,,,,
138951,Fail,5,_find_mac,_netstat_getnode,_ipconfig_getnode,_load_system_functions,getnode,,,,,,,,,,,,,,,,
139533,Fail,21,cat,per_cpu_times,cpu_count_logical,get_proc_inodes,get_all_inodes,process_inet,process_unix,sensors_temperatures,sensors_fans,boot_time,pid_exists,wrapper,_read_status_file,_read_smaps_file,exe,terminal,io_counters,get_blocks,cwd,threads,open_files
158793,Fail,2,calc_packing,StructureBody,,,,,,,,,,,,,,,,,,,
157402,Fail,2,_safe_path,get_pkg_info_revision,,,,,,,,,,,,,,,,,,,
133231,Fail,9,urlretrieve,add_handler,redirect_request,do_open,parse_http_list,_safe_gethostbyname,http_error_302,prompt_user_passwd,_proxy_bypass_macosx_sysconf,,,,,,,,,,,,
139533,Fail,21,cat,per_cpu_times,cpu_count_logical,get_proc_inodes,get_all_inodes,process_inet,process_unix,sensors_temperatures,sensors_fans,boot_time,pid_exists,wrapper,_read_status_file,_read_smaps_file,exe,terminal,io_counters,get_blocks,cwd,threads,open_files
118040,Fail,13,__init__,__init__,get,__init__,__init__,get,__init__,read_resolv_conf,read_registry,_win32_is_nic_enabled,query,query,_getfqdn,,,,,,,,
139533,Fail,21,cat,per_cpu_times,cpu_count_logical,get_proc_inodes,get_all_inodes,process_inet,process_unix,sensors_temperatures,sensors_fans,boot_time,pid_exists,wrapper,_read_status_file,_read_smaps_file,exe,terminal,io_counters,get_blocks,cwd,threads,open_files
157323,Fail,21,cat,per_cpu_times,cpu_count_logical,get_proc_inodes,get_all_inodes,process_inet,process_unix,sensors_temperatures,sensors_fans,boot_time,pid_exists,wrapper,_read_status_file,_read_smaps_file,exe,terminal,io_counters,get_blocks,cwd,threads,open_files
139786,Fail,14,find_function,user_exception,do_commands,do_break,checkline,do_up,do_down,do_until,_getval,do_list,do_longlist,do_source,do_whatis,do_help,,,,,,,
105179,Fail,3,worker,_handle_tasks,_handle_results,,,,,,,,,,,,,,,,,,
139533,Fail,21,cat,per_cpu_times,cpu_count_logical,get_proc_inodes,get_all_inodes,process_inet,process_unix,sensors_temperatures,sensors_fans,boot_time,pid_exists,wrapper,_read_status_file,_read_smaps_file,exe,terminal,io_counters,get_blocks,cwd,threads,open_files
118040,Fail,13,__init__,__init__,get,__init__,__init__,get,__init__,read_resolv_conf,read_registry,_win32_is_nic_enabled,query,query,_getfqdn,,,,,,,,
139533,Fail,21,cat,per_cpu_times,cpu_count_logical,get_proc_inodes,get_all_inodes,process_inet,process_unix,sensors_temperatures,sensors_fans,boot_time,pid_exists,wrapper,_read_status_file,_read_smaps_file,exe,terminal,io_counters,get_blocks,cwd,threads,open_files
157323,Fail,21,cat,per_cpu_times,cpu_count_logical,get_proc_inodes,get_all_inodes,process_inet,process_unix,sensors_temperatures,sensors_fans,boot_time,pid_exists,wrapper,_read_status_file,_read_smaps_file,exe,terminal,io_counters,get_blocks,cwd,threads,open_files
157323,Fail,21,cat,per_cpu_times,cpu_count_logical,get_proc_inodes,get_all_inodes,process_inet,process_unix,sensors_temperatures,sensors_fans,boot_time,pid_exists,wrapper,_read_status_file,_read_smaps_file,exe,terminal,io_counters,get_blocks,cwd,threads,open_files
48859,Fail,12,prep,checkmc,secure_check,checkname,optifine,mojang,liquidbounce,skyblock,rproxies,loadcombo,loadproxy,get_announcement,,,,,,,,,
29414,Fail,1,_addon_details,,,,,,,,,,,,,,,,,,,,
118040,Fail,13,__init__,__init__,get,__init__,__init__,get,__init__,read_resolv_conf,read_registry,_win32_is_nic_enabled,query,query,_getfqdn,,,,,,,,
48859,Fail,12,prep,checkmc,secure_check,checkname,optifine,mojang,liquidbounce,skyblock,rproxies,loadcombo,loadproxy,get_announcement,,,,,,,,,
118040,Fail,9,__init__,get,get,read_resolv_conf,read_registry,_win32_is_nic_enabled,query,query,_getfqdn,,,,,,,,,,,,
139533,Fail,21,cat,per_cpu_times,cpu_count_logical,get_proc_inodes,get_all_inodes,process_inet,process_unix,sensors_temperatures,sensors_fans,boot_time,pid_exists,wrapper,_read_status_file,_read_smaps_file,exe,terminal,io_counters,get_blocks,cwd,threads,open_files
117774,Fail,5,_find_mac,_netstat_getnode,_ipconfig_getnode,_load_system_functions,getnode,,,,,,,,,,,,,,,,
120643,Fail,2,read_windows_registry,read_mime_types,,,,,,,,,,,,,,,,,,,
118233,Fail,3,connect_to_new_process,ensure_running,main,,,,,,,,,,,,,,,,,,
125350,Fail,5,__getattribute__,load,loadtxt,fromregex,genfromtxt,,,,,,,,,,,,,,,,
48859,Fail,12,prep,checkmc,secure_check,checkname,optifine,mojang,liquidbounce,skyblock,rproxies,loadcombo,loadproxy,get_announcement,,,,,,,,,
157323,Fail,21,cat,per_cpu_times,cpu_count_logical,get_proc_inodes,get_all_inodes,process_inet,process_unix,sensors_temperatures,sensors_fans,boot_time,pid_exists,wrapper,_read_status_file,_read_smaps_file,exe,terminal,io_counters,get_blocks,cwd,threads,open_files
120826,Fail,3,worker,_handle_tasks,_handle_results,,,,,,,,,,,,,,,,,,
118040,Fail,9,__init__,get,get,read_resolv_conf,read_registry,_win32_is_nic_enabled,query,query,_getfqdn,,,,,,,,,,,,
158007,Fail,7,getuserdata,getfriends,getchat,has_payment_methods,spread,main,decrypt_password,,,,,,,,,,,,,,
118040,Fail,12,__init__,__init__,get,__init__,__init__,get,__init__,read_resolv_conf,read_registry,_win32_is_nic_enabled,query,_getfqdn,,,,,,,,,
118040,Fail,12,__init__,__init__,get,__init__,__init__,get,__init__,read_resolv_conf,read_registry,_win32_is_nic_enabled,query,_getfqdn,,,,,,,,,
157323,Fail,21,cat,per_cpu_times,cpu_count_logical,get_proc_inodes,get_all_inodes,process_inet,process_unix,sensors_temperatures,sensors_fans,boot_time,pid_exists,wrapper,_read_status_file,_read_smaps_file,exe,terminal,io_counters,get_blocks,cwd,threads,open_files
157323,Fail,21,cat,per_cpu_times,cpu_count_logical,get_proc_inodes,get_all_inodes,process_inet,process_unix,sensors_temperatures,sensors_fans,boot_time,pid_exists,wrapper,_read_status_file,_read_smaps_file,exe,terminal,io_counters,get_blocks,cwd,threads,open_files
157323,Fail,21,cat,per_cpu_times,cpu_count_logical,get_proc_inodes,get_all_inodes,process_inet,process_unix,sensors_temperatures,sensors_fans,boot_time,pid_exists,wrapper,_read_status_file,_read_smaps_file,exe,terminal,io_counters,get_blocks,cwd,threads,open_files
117757,Fail,3,handle_request,collect_children,write,,,,,,,,,,,,,,,,,,
154293,Fail,2,getcolor,load,,,,,,,,,,,,,,,,,,,
118040,Fail,13,__init__,__init__,get,__init__,__init__,get,__init__,read_resolv_conf,read_registry,_win32_is_nic_enabled,query,query,_getfqdn,,,,,,,,
183720,Fail,3,_needs_build,single_compile,CCompiler_get_version,,,,,,,,,,,,,,,,,,
105098,Fail,10,wait,__repr__,cancel,cancelled,running,done,add_done_callback,result,exception,set_running_or_notify_cancel,,,,,,,,,,,
154308,Fail,1,decode,,,,,,,,,,,,,,,,,,,,
157323,Fail,21,cat,per_cpu_times,cpu_count_logical,get_proc_inodes,get_all_inodes,process_inet,process_unix,sensors_temperatures,sensors_fans,boot_time,pid_exists,wrapper,_read_status_file,_read_smaps_file,exe,terminal,io_counters,get_blocks,cwd,threads,open_files
118040,Fail,13,__init__,__init__,get,__init__,__init__,get,__init__,read_resolv_conf,read_registry,_win32_is_nic_enabled,query,query,_getfqdn,,,,,,,,
157323,Fail,21,cat,per_cpu_times,cpu_count_logical,get_proc_inodes,get_all_inodes,process_inet,process_unix,sensors_temperatures,sensors_fans,boot_time,pid_exists,wrapper,_read_status_file,_read_smaps_file,exe,terminal,io_counters,get_blocks,cwd,threads,open_files
125284,Fail,3,_needs_build,single_compile,CCompiler_get_version,,,,,,,,,,,,,,,,,,
157323,Fail,21,cat,per_cpu_times,cpu_count_logical,get_proc_inodes,get_all_inodes,process_inet,process_unix,sensors_temperatures,sensors_fans,boot_time,pid_exists,wrapper,_read_status_file,_read_smaps_file,exe,terminal,io_counters,get_blocks,cwd,threads,open_files
139530,Fail,3,super,wrapper,get_terminal_size,,,,,,,,,,,,,,,,,,
118040,Fail,13,__init__,__init__,get,__init__,__init__,get,__init__,read_resolv_conf,read_registry,_win32_is_nic_enabled,query,query,_getfqdn,,,,,,,,
48859,Fail,12,prep,checkmc,secure_check,checkname,optifine,mojang,liquidbounce,skyblock,rproxies,loadcombo,loadproxy,get_announcement,,,,,,,,,
145809,Fail,3,worker,_handle_tasks,_handle_results,,,,,,,,,,,,,,,,,,
151457,Fail,3,worker,_handle_tasks,_handle_results,,,,,,,,,,,,,,,,,,