ID,Status,Count,,,,
629,Fail,1,_dist_try_harder,,,
774,Fail,1,do_break,,,
189,Fail,1,_dist_try_harder,,,
743,Fail,1,decode,,,
194,Fail,2,_mkstemp_inner,mkdtemp,,
660,Fail,1,_wrap_chunks,,,
299,Fail,2,with_suffix,relative_to,,
125,Fail,2,copy_scripts,copy_scripts,,
811,Fail,1,register,,,
439,Fail,1,uts46_remap,,,
565,Fail,1,read_windows_registry,,,
260,Fail,3,_detect_future_features,refactor_file,refactor_stdin,
237,Fail,1,_wrap_chunks,,,
66,Fail,1,ssl_wrap_socket,,,
736,Fail,1,_serve,,,
677,Fail,1,_handle_request_noblock,,,
410,Fail,1,do_break,,,
315,Fail,1,renameNode,,,
370,Fail,3,parseImpl,=,LAMBDA_FUNC_@@,
559,Fail,2,_handle_fromlist,_setup,,
354,Fail,1,_serve,,,
830,Fail,1,join,,,
655,Fail,1,findlabels,,,
363,Fail,1,decode,,,
583,Fail,2,copy_scripts,copy_scripts,,
527,Fail,1,getdelimited,,,
695,Fail,2,with_suffix,relative_to,,
677,Fail,1,_handle_request_noblock,,,
410,Fail,1,do_break,,,
126,Fail,1,read_token,,,
429,Fail,2,normpath,_joinrealpath,,
755,Fail,1,add_handler,,,
736,Fail,1,_serve,,,
32,Fail,1,header_encode_lines,,,
237,Fail,1,_wrap_chunks,,,
747,Fail,3,parseImpl,=,LAMBDA_FUNC_@@,
527,Fail,1,getdelimited,,,
788,Fail,2,normpath,_joinrealpath,,
655,Fail,1,findlabels,,,
559,Fail,2,_handle_fromlist,_setup,,
354,Fail,1,_serve,,,
830,Fail,1,join,,,
299,Fail,2,with_suffix,relative_to,,
194,Fail,2,_mkstemp_inner,mkdtemp,,
660,Fail,1,_wrap_chunks,,,
92,Fail,2,_handle_fromlist,_setup,,
189,Fail,1,_dist_try_harder,,,
774,Fail,1,do_break,,,
629,Fail,1,_dist_try_harder,,,
571,Fail,1,loadTestsFromName,,,
260,Fail,4,_detect_future_features,refactor_file,refactor_stdin,refactor_file
95,Fail,1,generate,,,
565,Fail,1,read_windows_registry,,,
439,Fail,1,uts46_remap,,,
447,Fail,1,source_synopsis,,,
112,Fail,1,loadTestsFromName,,,
633,Fail,2,_mkstemp_inner,mkdtemp,,
125,Fail,2,copy_scripts,copy_scripts,,
184,Fail,1,_check_macro_definitions,,,
417,Fail,1,_tokenize,,,
788,Fail,2,normpath,_joinrealpath,,
624,Fail,1,_check_macro_definitions,,,
370,Fail,3,__str__,=,LAMBDA_FUNC_@@,
231,Fail,1,findlabels,,,
42,Fail,1,getdelimited,,,
429,Fail,2,normpath,_joinrealpath,,
780,Fail,1,_tokenize,,,
129,Fail,1,_signature_get_partial,,,
747,Fail,3,__str__,=,LAMBDA_FUNC_@@,
695,Fail,2,with_suffix,relative_to,,
801,Fail,1,source_synopsis,,,
508,Fail,1,goahead,,,
633,Fail,2,_mkstemp_inner,mkdtemp,,
260,Fail,3,_detect_future_features,refactor_file,refactor_stdin,
587,Fail,1,_signature_get_partial,,,
705,Pass,-1,#VALUE!,,,
92,Fail,2,_handle_fromlist,_setup,,
299,Fail,2,with_suffix,relative_to,,
423,Pass,-1,#VALUE!,,,
194,Fail,2,_mkstemp_inner,mkdtemp,,
587,Fail,1,_signature_get_partial,,,
744,Fail,1,__new__,,,
522,Fail,1,header_encode_lines,,,
260,Fail,4,_detect_future_features,refactor_file,refactor_stdin,refactor_file
633,Fail,2,_mkstemp_inner,mkdtemp,,
508,Fail,1,goahead,,,
463,Fail,1,register,,,
423,Pass,-1,#VALUE!,,,
487,Fail,1,join,,,
267,Fail,1,_handle_request_noblock,,,
92,Fail,2,_handle_fromlist,_setup,,
705,Pass,-1,#VALUE!,,,
231,Fail,1,findlabels,,,
624,Fail,1,_check_macro_definitions,,,
312,Pass,-1,#VALUE!,,,
370,Fail,3,__str__,=,LAMBDA_FUNC_@@,
559,Fail,2,_handle_fromlist,_setup,,
184,Fail,1,_check_macro_definitions,,,
417,Fail,1,_tokenize,,,
788,Fail,2,normpath,_joinrealpath,,
365,Fail,1,__new__,,,
102,Fail,1,read_windows_registry,,,
695,Fail,2,with_suffix,relative_to,,
584,Fail,1,read_token,,,
129,Fail,1,_signature_get_partial,,,
780,Fail,1,_tokenize,,,
747,Fail,3,__str__,=,LAMBDA_FUNC_@@,
429,Fail,2,normpath,_joinrealpath,,
363,Fail,1,decode,,,
655,Fail,1,findlabels,,,
830,Fail,1,join,,,
559,Fail,2,_handle_fromlist,_setup,,
370,Fail,3,parseImpl,=,LAMBDA_FUNC_@@,
583,Fail,2,copy_scripts,copy_scripts,,
755,Fail,1,add_handler,,,
66,Fail,1,ssl_wrap_socket,,,
32,Fail,1,header_encode_lines,,,
237,Fail,1,_wrap_chunks,,,
315,Fail,1,renameNode,,,
126,Fail,1,read_token,,,
112,Fail,1,loadTestsFromName,,,
811,Fail,1,register,,,
447,Fail,1,source_synopsis,,,
125,Fail,2,copy_scripts,copy_scripts,,
260,Fail,2,refactor_file,refactor_stdin,,
439,Fail,1,uts46_remap,,,
95,Fail,1,generate,,,
189,Fail,1,_dist_try_harder,,,
743,Fail,1,decode,,,
629,Fail,1,_dist_try_harder,,,
571,Fail,1,loadTestsFromName,,,
299,Fail,2,with_suffix,relative_to,,
194,Fail,2,_mkstemp_inner,mkdtemp,,
660,Fail,1,_wrap_chunks,,,
565,Fail,1,read_windows_registry,,,
95,Fail,1,generate,,,
260,Fail,3,_detect_future_features,refactor_file,refactor_stdin,
633,Fail,2,_mkstemp_inner,mkdtemp,,
112,Fail,1,loadTestsFromName,,,
811,Fail,1,register,,,
447,Fail,1,source_synopsis,,,
194,Fail,2,_mkstemp_inner,mkdtemp,,
299,Fail,2,with_suffix,relative_to,,
774,Fail,1,do_break,,,
571,Fail,1,loadTestsFromName,,,
743,Fail,1,decode,,,
92,Fail,2,_handle_fromlist,_setup,,
527,Fail,1,getdelimited,,,
583,Fail,2,copy_scripts,copy_scripts,,
354,Fail,1,_serve,,,
559,Fail,2,_handle_fromlist,_setup,,
363,Fail,1,decode,,,
788,Fail,2,normpath,_joinrealpath,,
126,Fail,1,read_token,,,
410,Fail,1,do_break,,,
695,Fail,2,with_suffix,relative_to,,
677,Fail,1,_handle_request_noblock,,,
315,Fail,1,renameNode,,,
32,Fail,1,header_encode_lines,,,
747,Fail,3,parseImpl,=,LAMBDA_FUNC_@@,
755,Fail,1,add_handler,,,
736,Fail,1,_serve,,,
66,Fail,1,ssl_wrap_socket,,,
429,Fail,2,normpath,_joinrealpath,,
267,Fail,1,_handle_request_noblock,,,
705,Pass,-1,#VALUE!,,,
92,Fail,2,_handle_fromlist,_setup,,
194,Fail,2,_mkstemp_inner,mkdtemp,,
487,Fail,1,join,,,
423,Fail,1,StructureBody,,,
299,Fail,2,with_suffix,relative_to,,
633,Fail,2,_mkstemp_inner,mkdtemp,,
463,Fail,1,register,,,
744,Fail,1,__new__,,,
522,Fail,1,header_encode_lines,,,
587,Fail,1,_signature_get_partial,,,
260,Fail,3,_detect_future_features,refactor_file,refactor_stdin,
747,Fail,3,__str__,=,LAMBDA_FUNC_@@,
584,Fail,1,read_token,,,
429,Fail,2,normpath,_joinrealpath,,
42,Fail,1,getdelimited,,,
695,Fail,2,with_suffix,relative_to,,
102,Fail,1,read_windows_registry,,,
801,Fail,1,source_synopsis,,,
365,Fail,1,__new__,,,
370,Fail,3,parseImpl,=,LAMBDA_FUNC_@@,
312,Pass,-1,#VALUE!,,,
788,Fail,2,normpath,_joinrealpath,,
417,Fail,1,_tokenize,,,
102,Fail,1,read_windows_registry,,,
801,Fail,1,source_synopsis,,,
365,Fail,1,__new__,,,
695,Fail,2,with_suffix,relative_to,,
429,Fail,2,normpath,_joinrealpath,,
42,Fail,1,getdelimited,,,
747,Fail,3,parseImpl,=,LAMBDA_FUNC_@@,
129,Fail,1,_signature_get_partial,,,
584,Fail,1,read_token,,,
780,Fail,1,_tokenize,,,
231,Fail,1,findlabels,,,
788,Fail,2,normpath,_joinrealpath,,
184,Fail,1,_check_macro_definitions,,,
312,Pass,-1,#VALUE!,,,
559,Fail,2,_handle_fromlist,_setup,,
370,Fail,3,__str__,=,LAMBDA_FUNC_@@,
624,Fail,1,_check_macro_definitions,,,
487,Fail,1,join,,,
92,Fail,2,_handle_fromlist,_setup,,
267,Fail,1,_handle_request_noblock,,,
260,Fail,4,_detect_future_features,refactor_file,refactor_stdin,refactor_file
744,Fail,1,__new__,,,
522,Fail,1,header_encode_lines,,,
463,Fail,1,register,,,
260,Fail,3,_detect_future_features,refactor_file,refactor_stdin,
633,Fail,2,_mkstemp_inner,mkdtemp,,
508,Fail,1,goahead,,,